연번,시군명,기관장,기관명,소재지 (도로명 주소),전화번호,진료과목,진료시간,비고,데이터기준일자
1,여수시,김모례,송도보건진료소,전라남도 여수시 돌산읍 송도길 38-2,061-666-9363,1차진료,09:00~18:00,도서,2021-08-01
2,여수시,조선녀,금성보건진료소,전라남도 여수시 돌산읍 돌산로 617-2,061-644-1923,1차진료,09:00~18:00,육지,2021-08-01
3,여수시,강미숙,율림보건진료소,전라남도 여수시 돌산읍 향일암로 269-6,061-644-6621,1차진료,09:00~18:00,육지,2021-08-01
4,여수시,황미숙,죽포보건진료소,전라남도 여수시 돌산읍 돌산로 2080-8,061-644-3615,1차진료,09:00~18:00,육지,2021-08-01
5,여수시,이은주,평사보건진료소,전라남도 여수시 돌산읍 평사로 560-6,061-644-5745,1차진료,09:00~18:00,육지,2021-08-01
6,여수시,김덕례,복산보건진료소,전라남도 여수시 소라면 달천길 135,061-686-1357,1차진료,09:00~18:00,육지,2021-08-01
7,여수시,김영미,사곡보건진료소,전라남도 여수시 소라면 상사길 21,061-686-1057,1차진료,09:00~18:00,육지,2021-08-01
8,여수시,염경숙,봉두보건진료소,전라남도 여수시 소라면 당촌길 57-1,061-685-2087,1차진료,09:00~18:00,육지,2021-08-01
9,여수시,김정현,상봉보건진료소,전라남도 여수시 율촌면 상봉1길 28,061-686-0360,1차진료,09:00~18:00,육지,2021-08-01
10,여수시,정점숙,감도보건진료소,전라남도 여수시 화양면 감도길 2,061-686-0117,1차진료,09:00~18:00,육지,2021-08-01
11,여수시,송가은,장수보건진료소,전라남도 여수시 화양면 장수자매길 8-2,061-682-6863,1차진료,09:00~18:00,육지,2021-08-01
12,여수시,김진,세포보건진료소,전라남도 여수시 화양면 장수로 19,061-686-2515,1차진료,09:00~18:00,육지,2021-08-01
13,여수시,김현민,유송보건진료소,전라남도 여수시 남면 솔고지길 71-11,061-664-9002,1차진료,09:00~18:00,도서,2021-08-01
14,여수시,정영옥,안도보건진료소,전라남도 여수시 남면 안도해변길 49-7,061-666-9521,1차진료,09:00~18:00,도서,2021-08-01
15,여수시,우신재,화태보건진료소,전라남도 여수시 남면 화태길 28,061-665-9208,1차진료,09:00~18:00,도서,2021-08-01
16,여수시,함순오,두라보건진료소,전라남도 여수시 남면 대두길 87-1,061-665-4424,1차진료,09:00~18:00,도서,2021-08-01
17,여수시,최귀숙,횡간보건진료소,전라남도 여수시 남면 횡간중앙길 14-2,061-666-6205,1차진료,09:00~18:00,도서,2021-08-01
18,여수시,김현진,월호보건진료소,전라남도 여수시 화정면 월호골길 13,061-666-7595,1차진료,09:00~18:00,도서,2021-08-01
19,여수시,유혜숙,제도보건진료소,전라남도 여수시 화정면 제도해안길 63,061-665-4982,1차진료,09:00~18:00,도서,2021-08-01
20,여수시,유채원,상하화보건진료소,전라남도 여수시 화정면 아랫꽃섬 1길 4-5,061-665-9573,1차진료,09:00~18:00,도서,2021-08-01
21,여수시,정선숙,낭도보건진료소,전라남도 여수시 화정면 여산길 62,061-665-4077,1차진료,09:00~18:00,도서,2021-08-01
22,여수시,김화자,적금보건진료소,전라남도 여수시 화정면 적금뒷등길 27,061-666-9572,1차진료,09:00~18:00,도서,2021-08-01
23,여수시,김은정,여자보건진료소,전라남도 여수시 화정면 마파지길 17,061-666-9574,1차진료,09:00~18:00,도서,2021-08-01
24,여수시,송혜경,서도보건진료소,전라남도 여수시 삼산면 장촌3길 9-6,061-665-7758,1차진료,09:00~18:00,도서,2021-08-01
25,여수시,진명옥,동도보건진료소,전라남도 여수시 삼산면 죽촌1길 24-1,061-666-9576,1차진료,09:00~18:00,도서,2021-08-01
26,여수시,최현자,손죽보건진료소,전라남도 여수시 삼산면 우데미길 12,061-665-9662,1차진료,09:00~18:00,도서,2021-08-01
27,여수시,송미숙,경호보건진료소,전라남도 여수시 대경도2길 5,061-665-6460,1차진료,09:00~18:00,도서,2021-08-01
28,여수시,하현희,묘도보건진료소,전라남도 여수시 묘도 10길 6(묘도동),061-685-3386,1차진료,09:00~18:00,육지,2021-08-01
29,순천시,오정임,도정보건진료소,전라남도 순천시 승주읍 도정송정길 11,061-749-4321,양방,09:00~18:00,,2021-08-01
30,순천시,염진순,운룡보건진료소,전라남도 순천시 주암면 운룡2길 25,061-749-4322,양방,09:00~18:00,,2021-08-01
31,순천시,강광용,어왕보건진료소,전라남도 순천시 주암면 한동길 100,061-749-4323,양방,09:00~18:00,,2021-08-01
32,순천시,류재열,창촌보건진료소,전라남도 순천시 주암면 주목로 12,061-749-4324,양방,09:00~18:00,,2021-08-01
33,순천시,김진영,후곡보건진료소,전라남도 순천시 송광면 후곡안길 97,061-749-4325,양방,09:00~18:00,,2021-08-01
34,순천시,임채현,신전보건진료소,전라남도 순천시 낙안면 금산신전길 17,061-749-4326,양방,09:00~18:00,,2021-08-01
35,순천시,공연우,도신보건진료소,전라남도 순천시 외서면 도신길 96,061-749-4327,양방,09:00~18:00,,2021-08-01
36,순천시,류미숙,창녕보건진료소,전라남도 순천시 낙안면 민속마을길 1209,061-749-4328,양방,09:00~18:00,,2021-08-01
37,순천시,,송기보건진료소,전라남도 순천시 별량면 송산송기길 140,061-749-4329,양방,09:00~18:00,,2021-08-01
38,순천시,이신미,마산보건진료소,전라남도 순천시 별량면 마산길 132,061-749-4330,양방,09:00~18:00,,2021-08-01
39,순천시,양혜영,학산보건진료소,전라남도 순천시 별량면 장산길 96-1,061-749-4331,양방,09:00~18:00,,2021-08-01
40,순천시,최정숙,마륜보건진료소,전라남도 순천시 상사면 민속마을길 280-8,061-749-4332,양방,09:00~18:00,,2021-08-01
41,순천시,백경미,쌍지보건진료소,전라남도 순천시 상사면 쌍지길 6,061-749-4333,양방,09:00~18:00,,2021-08-01
42,순천시,김선미,하사보건진료소,전라남도 순천시 해룡면 하사길 79,061-749-4334,양방,09:00~18:00,,2021-08-01
43,순천시,박순심,선월보건진료소,전라남도 순천시 해룡면 선월길 43,061-749-4335,양방,09:00~18:00,,2021-08-01
44,순천시,한상희,판교보건진료소,전라남도 순천시 서면 판교안길 162-1,061-749-4336,양방,09:00~18:00,,2021-08-01
45,순천시,우자현,구상보건진료소,전라남도 순천시 서면 수통목길 3,061-749-4337,양방,09:00~18:00,,2021-08-01
46,순천시,강연화,회덕보건진료소,전라남도 순천시 황전면 삽재팔동길 391,061-749-4338,양방,09:00~18:00,,2021-08-01
47,순천시,박은진,평죽보건진료소,전라남도 순천시 황전면 농소길 9,061-749-4339,양방,09:00~18:00,,2021-08-01
48,순천시,최의정,비촌보건진료소,전라남도 순천시 황전면 비촌1길 83,061-749-4340,양방,09:00~18:00,,2021-08-01
49,순천시,강수순,망룡보건진료소,전라남도 순천시 월등면 복사골길 116,061-749-4341,양방,09:00~18:00,,2021-08-01
50,순천시,김재비,신월보건진료소,전라남도 순천시 월등면 월등로 360,061-749-4342,양방,09:00~18:00,,2021-08-01
51,나주시,위경미,우산보건진료소,전라남도 나주시남평읍 지석로 765-5,061-337-1533,1차진료+건강증진사업,09:00~18:00,,2021-08-01
52,나주시,박복순,성산보건진료소,전라남도 나주시세지면 성산덕산길 9-14,061-331-5671,1차진료+건강증진사업,09:00~18:00,,2021-08-01
53,나주시,김경란,신원보건진료소,전라남도 나주시왕곡면 예향로 3320,061-337-4355,1차진료+건강증진사업,09:00~18:00,,2021-08-01
54,나주시,김윤경,월천보건진료소,전라남도 나주시왕곡면 나주서부로 575,061-335-7723,1차진료+건강증진사업,09:00~18:00,,2021-08-01
55,나주시,진지현,청송보건진료소,전라남도 나주시반남면 청송로 367,061-336-0849,1차진료+건강증진사업,09:00~18:00,,2021-08-01
56,나주시,정윤민,백사보건진료소,전라남도 나주시공산면 오산로 238,061-335-5671,1차진료+건강증진사업,09:00~18:00,,2021-08-01
57,나주시,서영숙,가송보건진료소,전라남도 나주시공산면 가양로 239,061-335-7804,1차진료+건강증진사업,09:00~18:00,,2021-08-01
58,나주시,문현숙,대전보건진료소,전라남도 나주시동강면 동강로 239,061-337-2731,1차진료+건강증진사업,09:00~18:00,,2021-08-01
59,나주시,김하영,월송보건진료소,전라남도 나주시동강면 인월로 242-1,061-335-2736,1차진료+건강증진사업,09:00~18:00,,2021-08-01
60,나주시,나혜영,계로보건진료소,전라남도 나주시문평면 문평로 487,061-337-0448,1차진료+건강증진사업,09:00~18:00,,2021-08-01
61,나주시,윤귀남,금안보건진료소,전라남도 나주시노안면 금안1길 6,061-336-8297,1차진료+건강증진사업,09:00~18:00,,2021-08-01
62,나주시,정윤민,도산보건진료소,전라남도 나주시노안면 도산길 3,061-335-2929,1차진료+건강증진사업,09:00~18:00,,2021-08-01
63,나주시,김은미,방산보건진료소,전라남도 나주시다도면 학동길 1,061-337-9545,1차진료+건강증진사업,09:00~18:00,,2021-08-01
64,나주시,양금숙,옥산보건진료소,전라남도 나주시봉황면 금봉로 288,061-331-3876,1차진료+건강증진사업,09:00~18:00,,2021-08-01
65,나주시,최종숙,운곡보건진료소,전라남도 나주시봉황면 운곡용곡길 9,061-337-2914,1차진료+건강증진사업,09:00~18:00,,2021-08-01
66,광양시,조인숙,세풍보건진료소,전라남도 광양시 광양읍 부흥길 16,061-797-4086,일반의과,09:00~18:00,,2021-08-01
67,광양시,이혜경,사곡보건진료소,전라남도 광양시 광양읍 사곡로 213,061-797-4087,일반의과,09:00~18:00,,2021-08-01
68,광양시,정미영,조령보건진료소,전라남도 광양시 봉강면 성불로 815,061-797-4088,일반의과,09:00~18:00,,2021-08-01
69,광양시,김인경,죽천보건진료소,전라남도 광양시 옥룡면 내천길 4,061-797-4089,일반의과,09:00~18:00,,2021-08-01
70,광양시,김경자,추산보건진료소,전라남도 광양시 옥룡면 백계로 124,061-797-4090,일반의과,09:00~18:00,,2021-08-01
71,광양시,나연실,동곡보건진료소,전라남도 광양시 옥룡면 동동길 31-5,061-797-4091,일반의과,09:00~18:00,,2021-08-01
72,광양시,최현경,대죽보건진료소,전라남도 광양시 옥곡면 대죽1길 108-3,061-797-4092,일반의과,09:00~18:00,,2021-08-01
73,광양시,심연자,어치보건진료소,전라남도 광양시 진상면 백학로 531,061-797-4093,일반의과,09:00~18:00,,2021-08-01
74,광양시,고은지,오사보건진료소,전라남도 광양시 진월면 진월추동길 66,061-797-4094,일반의과,09:00~18:00,,2021-08-01
75,광양시,임정자,월길보건진료소,전라남도 광양시 진월면 섬진강매화로 826,061-797-4095,일반의과,09:00~18:00,,2021-08-01
76,광양시,김옥주,도사보건진료소,전라남도 광양시 다압면 다사길 37,061-797-4096,일반의과,09:00~18:00,,2021-08-01
77,광양시,박영애,금천보건진료소,전라남도 광양시 다압면 평동길 56-7,061-797-4097,일반의과,09:00~18:00,,2021-08-01
78,광양시,이정자,황길보건진료소,전라남도 광양시 하포길 77(황길동),061-797-4098,일반의과,09:00~18:00,,2021-08-01
79,광양시,이순영,태인보건진료소,전라남도 광양시 태인길 304(태인동),061-797-4099,일반의과,09:00~18:00,,2021-08-01
80,담양군,박은수,양지보건진료소,전라남도 담양군 봉산면 양지길 17,061-380-3749,내과,09:00~18:00,,2021-08-01
81,담양군,윤자희,원주보건진료소,전라남도 담양군 고서면 주평길 30,061-380-3759,내과,09:00~18:00,,2021-08-01
82,담양군,박새롬,인암보건진료소,전라남도 담양군 남면 인암길 20-9,061-380-3789,내과,09:00~18:00,,2021-08-01
83,담양군,김고은,용대보건진료소,전라남도 담양군 대덕면 용대길 38,061-380-3828,내과,09:00~18:00,,2021-08-01
84,담양군,신미리,금산보건진료소,전라남도 담양군 대덕면 금산길 315,061-380-3829,내과,09:00~18:00,,2021-08-01
85,담양군,이영미,덕성보건진료소,전라남도 담양군 금성면 덕성길 48-8,061-380-3868,내과,09:00~18:00,,2021-08-01
86,담양군,조아름,외추보건진료소,전라남도 담양군 금성면 외추길 17-7,061-380-3869,내과,09:00~18:00,,2021-08-01
87,담양군,김수아,용연보건진료소,전라남도 담양군 용면 분통길 25,061-380-3889,내과,09:00~18:00,,2021-08-01
88,담양군,정세윤,복정보건진료소,전라남도 담양군 월산면 복정길 19-11,061-380-3909,내과,09:00~18:00,,2021-08-01
89,담양군,이경희,수남보건진료소,전라남도 담양군 수북면 한수동로 352-7,061-380-3929,내과,09:00~18:00,,2021-08-01
90,담양군,손민정,삼산보건진료소,전라남도 담양군 대전면 덕진옥산길 6,061-380-3949,내과,09:00~18:00,,2021-08-01
91,곡성군,허숙,압록보건진료소,전라남도 곡성군 오곡면 섬진강로 1066,061-362-0649,1차진료+건강증진사업등,09:00~18:00,,2021-08-01
92,곡성군,염혜숙,근촌보건진료소,전라남도 곡성군 삼기면 노치로 1235,061-362-2558,1차진료+건강증진사업등,09:00~18:00,,2021-08-01
93,곡성군,윤영숙,연반보건진료소,전라남도 곡성군 석곡면 전기길 51-6,061-362-3609,1차진료+건강증진사업등,09:00~18:00,,2021-08-01
94,곡성군,손정실,염곡보건진료소,전라남도 곡성군 석곡면 염곡길 25,061-362-3983,1차진료+건강증진사업등,09:00~18:00,,2021-08-01
95,곡성군,박순정,대곡보건진료소,전라남도 곡성군 목사동면 대곡당산길 10,061-362-3995,1차진료+건강증진사업등,09:00~18:00,,2021-08-01
96,곡성군,강경,죽정보건진료소,전라남도 곡성군 목사동면 주목로 552-2,061-362-1663,1차진료+건강증진사업등,09:00~18:00,,2021-08-01
97,곡성군,박정민,동계보건진료소,전라남도 곡성군 죽곡면 동계길 74,061-362-4735,1차진료+건강증진사업등,09:00~18:00,,2021-08-01
98,곡성군,김나경,봉정보건진료소,전라남도 곡성군 죽곡면 봉정범계길 7,061-362-4916,1차진료+건강증진사업등,09:00~18:00,,2021-08-01
99,곡성군,장영애,백곡보건진료소,전라남도 곡성군 고달면 고주로 242,061-362-0655,1차진료+건강증진사업등,09:00~18:00,,2021-08-01
100,곡성군,김애희,합강보건진료소,전라남도 곡성군 옥과면 월파로 447,061-362-5927,1차진료+건강증진사업등,09:00~18:00,,2021-08-01
101,곡성군,고영희,삼오보건진료소,전라남도 곡성군 입면 삼오삼응길 26,061-362-6541,1차진료+건강증진사업등,09:00~18:00,,2021-08-01
102,곡성군,신민현,흥복보건진료소,전라남도 곡성군 겸면 산이재로 687,061-362-1211,1차진료+건강증진사업등,09:00~18:00,,2021-08-01
103,곡성군,염현희,남양보건진료소,전라남도 곡성군 겸면 곡순로 1866,061-362-1174,1차진료+건강증진사업등,09:00~18:00,,2021-08-01
104,곡성군,양혜련,봉동보건진료소,전라남도 곡성군 오산면 오산로 605-1,061-362-4397,1차진료+건강증진사업등,09:00~18:00,,2021-08-01
105,곡성군,오선,선세보건진료소,전라남도 곡성군 오산면 작천길 17,061-362-4305,1차진료+건강증진사업등,09:00~18:00,,2021-08-01
106,구례군,정경임,계산보건진료소,전라남도 구례군구례읍 하유길 21-29,061-780-2711,1차진료+건강증진사업등,09:00~18:00,,2021-08-01
107,구례군,왕옥련,죽마보건진료소,전라남도 구례군문척면 죽연길 13-2,061-780-2712,1차진료+건강증진사업등,09:00~18:00,,2021-08-01
108,구례군,왕옥련,토금보건진료소,전라남도 구례군문척면 토금길 108-1,061-780-2713,1차진료+건강증진사업등,09:00~18:00,,2021-08-01
109,구례군,노애숙,효곡보건진료소,전라남도 구례군간전면 효죽길 1,061-780-2714,1차진료+건강증진사업등,09:00~18:00,,2021-08-01
110,구례군,양혜경,하천보건진료소,전라남도 구례군간전면 하천길 32,061-780-2715,1차진료+건강증진사업등,09:00~18:00,,2021-08-01
111,구례군,조현숙,내동보건진료소,전라남도 구례군토지면 피아골로 665,061-780-2716,1차진료+건강증진사업등,09:00~18:00,,2021-08-01
112,구례군,최은정,외곡보건진료소,전라남도 구례군토지면 피아골로 7,061-780-2717,1차진료+건강증진사업등,09:00~18:00,,2021-08-01
113,구례군,여경숙,도암보건진료소,전라남도 구례군용방면 도암1길 28,061-780-2718,1차진료+건강증진사업등,09:00~18:00,,2021-08-01
114,구례군,서유연,이평보건진료소,전라남도 구례군산동면 이촌길 4,061-780-2719,1차진료+건강증진사업등,09:00~18:00,,2021-08-01
115,구례군,서유연,외산보건진료소,전라남도 구례군산동면 내온길 13,061-780-2720,1차진료+건강증진사업등,09:00~18:00,,2021-08-01
116,구례군,류솔아,원달보건진료소,전라남도 구례군산동면 달전길 14,061-780-2721,1차진료+건강증진사업등,09:00~18:00,,2021-08-01
117,구례군,양백련,관산보건진료소,전라남도 구례군산동면 관산구산길 59-14,061-780-2722,1차진료+건강증진사업등,09:00~18:00,,2021-08-01
118,고흥군,박미영,득량보건진료소,전라남도 고흥군 도양읍 득량관선길 89-26,061-830-5130,1차진료.마을순회진료+동네방네행복충전건강교실,09:00~18:00,,2021-08-01
119,고흥군,송순순,시산보건진료소,전라남도 고흥군 도양읍 시산살푸섬길 1,061-830-5131,1차진료+동네방네행복충전건강교실,09:00~18:00,유연근무제실시,2021-08-01
120,고흥군,김재숙,풍남보건진료소,전라남도 고흥군 풍양면 천마로 1497,061-830-5132,1차진료+동네방네행복충전건강교실,09:00~18:00,,2021-08-01
121,고흥군,정문숙,가야보건진료소,전라남도 고흥군 도덕면 고흥만로 484,061-830-5133,1차진료+동네방네행복충전건강교실,09:00~18:00,,2021-08-01
122,고흥군,장선,오천보건진료소,전라남도 고흥군 금산면 오천사당길 14-11,061-830-5134,1차진료+동네방네행복충전건강교실,09:00~18:00,,2021-08-01
123,고흥군,류정란,신평보건진료소,전라남도 고흥군 금산면 평산1길14,061-830-5135,1차진료.마을순회진료+동네방네행복충전건강교실,09:00~18:00,,2021-08-01
124,고흥군,이은솔,연홍보건진료소,전라남도 고흥군 금산면 연홍길 30,061-830-5136,1차진료.마을순회진료+동네방네행복충전건강교실,09:00~18:00,,2021-08-01
125,고흥군,정진숙,신호보건진료소,전라남도 고흥군 도화면 문안길 217-3,061-830-5137,1차진료+동네방네행복충전건강교실,09:00~18:00,,2021-08-01
126,고흥군,곽민숙,가화보건진료소,전라남도 고흥군 도화면 가화리 1121-1,061-830-5138,1차진료+동네방네행복충전건강교실,09:00~18:00,,2021-08-01
127,고흥군,손현숙,발포보건진료소,전라남도 고흥군 도화면 충무사길 113,061-830-5139,1차진료+동네방네행복충전건강교실,09:00~18:00,,2021-08-01
128,고흥군,최영자,지죽보건진료소,전라남도 고흥군 도화면 지호길 7-3,061-830-5140,1차진료+동네방네행복충전건강교실,09:00~18:00,,2021-08-01
129,고흥군,공혜경,옥강보건진료소,전라남도 고흥군 포두면 내초안길 12,061-830-5141,1차진료+동네방네행복충전건강교실,09:00~18:00,,2021-08-01
130,고흥군,황인영,남성보건진료소,전라남도 고흥군 포두면 남성3길 9,061-830-5142,1차진료+동네방네행복충전건강교실,09:00~18:00,,2021-08-01
131,고흥군,조순희,송산보건진료소,전라남도 고흥군 포두면 송산길 61,061-830-5143,1차진료+동네방네행복충전건강교실,09:00~18:00,,2021-08-01
132,고흥군,김은숙,오취보건진료소,전라남도 고흥군 포두면 오취길 267,061-830-5144,1차진료+동네방네행복충전건강교실,09:00~18:00,,2021-08-01
133,고흥군,최문지,사양보건진료소,전라남도 고흥군 봉래면 사양선창길 69,061-830-5145,1차진료.마을순회진료+동네방네행복충전건강교실,09:00~18:00,,2021-08-01
134,고흥군,추혜경,화계보건진료소,전라남도 고흥군 점암면 화전1길 21-6,061-830-5146,1차진료+동네방네행복충전건강교실,09:00~18:00,,2021-08-01
135,고흥군,권미자,남열보건진료소,전라남도 고흥군 영남면 남열매뚝길 14,061-830-5147,1차진료.마을순회진료+동네방네행복충전건강교실,09:00~18:00,,2021-08-01
136,고흥군,송은숙,금사보건진료소,전라남도 고흥군 영남면 사도진해안길 141,061-830-5148,1차진료+동네방네행복충전건강교실,09:00~18:00,,2021-08-01
137,고흥군,김미애,백일보건진료소,전라남도 고흥군 과역면 백일길 315-30,061-830-5149,1차진료.마을순회진료+동네방네행복충전건강교실,09:00~18:00,,2021-08-01
138,고흥군,위유미,노일보건진료소,전라남도 고흥군 과역면 내로당날길 3,061-830-5150,1차진료+동네방네행복충전건강교실,09:00~18:00,,2021-08-01
139,고흥군,박미덕,망주보건진료소,전라남도 고흥군 남양면 망월로 89-8,061-830-5151,1차진료+동네방네행복충전건강교실,09:00~18:00,,2021-08-01
140,고흥군,박현화,죽암보건진료소,전라남도 고흥군 동강면 죽암안길 59,061-830-5152,1차진료.마을순회진료+동네방네행복충전건강교실,09:00~18:00,,2021-08-01
141,고흥군,민미숙,신기보건진료소,전라남도 고흥군 대서면 거북2길 8,061-830-5153,1차진료+동네방네행복충전건강교실,09:00~18:00,,2021-08-01
142,고흥군,김주희,대전보건진료소,전라남도 고흥군 두원면 두원로 1168,061-830-5154,1차진료+동네방네행복충전건강교실,09:00~18:00,,2021-08-01
143,고흥군,안은신,풍류보건진료소,전라남도 고흥군 두원면 풍류2길 59,061-830-5155,1차진료.마을순회진료+동네방네행복충전건강교실,09:00~18:00,,2021-08-01
144,보성군,정재원,영등보건진료소,전라남도 보성군벌교읍 남하로 490-3,061-857-0950,1차진료+건강증진사업,09:00~18:00,육지,2021-08-01
145,보성군,정지선,고상보건진료소,전라남도 보성군채동선로 766-5,061-857-2968,1차진료+건강증진사업,09:00~18:00,육지,2021-08-01
146,보성군,정지선,장암보건진료소,전라남도 보성군벌교읍 장암길 206,061-857-5356,1차진료+건강증진사업,09:00~18:00,육지,2021-08-01
147,보성군,신진아,장도보건진료소,전라남도 보성군벌교읍 장도길 204-11,061-857-5127,1차진료+건강증진사업,09:00~18:00,도서,2021-08-01
148,보성군,김자영,금호보건진료소,전라남도 보성군노동면 영구길 44-18,061-852-0026,1차진료+건강증진사업,09:00~18:00,육지,2021-08-01
149,보성군,정미숙,명봉보건진료소,전라남도 보성군 노동면 봉화길 55,061-852-0341,1차진료+건강증진사업,09:00~18:00,육지,2021-08-01
150,보성군,이윤희,용정보건진료소,전라남도 보성군 미력면 살내1길 26-12,061-852-0515,1차진료+건강증진사업,09:00~18:00,육지,2021-08-01
151,보성군,허양심,은덕보건진료소,전라남도 보성군 겸백면 은덕길 36,061-853-6733,1차진료+건강증진사업,09:00~18:00,육지,2021-08-01
152,보성군,윤정현,이동보건진료소,전라남도 보성군 율어면 배골길 46-1,061-852-7452,1차진료+건강증진사업,09:00~18:00,육지,2021-08-01
153,보성군,김선희,내동보건진료소,전라남도 보성군 문덕면 문덕내동길 31-3,061-852-1324,1차진료+건강증진사업,09:00~18:00,육지,2021-08-01
154,보성군,김도숙,용전보건진료소,전라남도 보성군 조성면 대전길 28,061-857-9812,1차진료+건강증진사업,09:00~18:00,육지,2021-08-01
155,보성군,신진아,마천보건진료소,전라남도 보성군득량면 충의로 1249,061-853-8501,1차진료+건강증진사업,09:00~18:00,육지,2021-08-01
156,보성군,박미숙,비봉보건진료소,전라남도 보성군득량면 청암길 31-10,061-853-8023,1차진료+건강증진사업,09:00~18:00,육지,2021-08-01
157,보성군,정상희,회령보건진료소,전라남도 보성군회천면 시장길 32,061-852-8440,1차진료+건강증진사업,09:00~18:00,육지,2021-08-01
158,보성군,김자영,천포보건진료소,전라남도 보성군회천면 서동지등길 21,061-852-9188,1차진료+건강증진사업,09:00~18:00,육지,2021-08-01
159,화순군,김송희,앵남리보건진료소,전라남도 화순군 화순읍 신기촌길 13,061-374-4275,1차진료+건강증진사업,09:00~18:00,,2021-08-01
160,화순군,기은지,수만리보건진료소,전라남도 화순군 화순읍 물촌길 3-1,061-372-0393,1차진료+건강증진사업,09:00~18:00,,2021-08-01
161,화순군,정미숙,동가리보건진료소,전라남도 화순군 한천면 외남로 435,061-375-6529,1차진료+건강증진사업,09:00~18:00,,2021-08-01
162,화순군,김향란,산간리보건진료소,전라남도 화순군 춘양면 산간길 52,061-372-7304,1차진료+건강증진사업,09:00~18:00,,2021-08-01
163,화순군,문미영,세청리보건진료소,전라남도 화순군 청풍면 선하동길 80,061-372-0407,1차진료+건강증진사업,09:00~18:00,,2021-08-01
164,화순군,강아미,묵곡리보건진료소,전라남도 화순군 이양면 월암길 10,061-372-3927,1차진료+건강증진사업,09:00~18:00,,2021-08-01
165,화순군,강근영,매정리보건진료소,전라남도 화순군 이양면 학포로 85,061-372-3403,1차진료+건강증진사업,09:00~18:00,,2021-08-01
166,화순군,오정숙,신성리보건진료소,전라남도 화순군 도곡면 이문동길 25,061-372-4425,1차진료+건강증진사업,09:00~18:00,,2021-08-01
167,화순군,최정순,용강리보건진료소,전라남도 화순군 도암면 중장터길 37-12,061-375-0581,1차진료+건강증진사업,09:00~18:00,,2021-08-01
168,화순군,국영희,맹리보건진료소,전라남도 화순군 맹리길 14-2,061-372-5642,1차진료+건강증진사업,09:00~18:00,,2021-08-01
169,화순군,정정애,신율리보건진료소,전라남도 화순군 동복면 신율길 37,061-372-2607,1차진료+건강증진사업,09:00~18:00,,2021-08-01
170,화순군,김재옥,다산리보건진료소,전라남도 화순군 남면 효당로 256,061-372-6815,1차진료+건강증진사업,09:00~18:00,,2021-08-01
171,화순군,김미복,무포리보건진료소,전라남도 화순군 동면 무리길 12,061-372-8481,1차진료+건강증진사업,09:00~18:00,,2021-08-01
172,장흥군,서지영,삼산보건진료소,전라남도 장흥군 관산읍 삼삼로 61,061-867-4095,1차진료+건강증진사업,09:00~18:00,,2021-08-01
173,장흥군,김선미,죽청보건진료소,전라남도 장흥군 관산읍 죽청2길 4,061-867-2376,1차진료+건강증진사업,09:00~18:00,,2021-08-01
174,장흥군,오영숙,신리보건진료소,전라남도 장흥군 대덕읍 장흥대로 76,061-867-0023,1차진료+건강증진사업,09:00~18:00,,2021-08-01
175,장흥군,이유경,상발보건진료소,전라남도 장흥군 용산면 접정남포로 945,061-863-5876,1차진료+건강증진사업,09:00~18:00,,2021-08-01
176,장흥군,김은영,수문보건진료소,전라남도 장흥군 안양면 수문1길 9,061-862-1346,1차진료+건강증진사업,09:00~18:00,,2021-08-01
177,장흥군,김기엽,장동보건진료소,전라남도 장흥군 장동면 곰치로 10,061-862-0304,1차진료+건강증진사업,09:00~18:00,,2021-08-01
178,장흥군,김령숙,봉림보건진료소,전라남도 장흥군 장평면 곸치로 845,061-862-3506,1차진료+건강증진사업,09:00~18:00,,2021-08-01
179,장흥군,정미진,부평보건진료소,전라남도 장흥군 장평면 임리어곡길 66,061-862-0677,1차진료+건강증진사업,09:00~18:00,,2021-08-01
180,장흥군,김영란,대천보건진료소,전라남도 장흥군 유치면 암천길 15-15,061-864-2543,1차진료+건강증진사업,09:00~18:00,,2021-08-01
181,장흥군,이춘자,대신보건진료소,전라남도 장흥군 회진면 회진로 877,061-867-5522,1차진료+건강증진사업,09:00~18:00,,2021-08-01
182,장흥군,배희경,삭금보건진료소,전라남도 장흥군 가학회진로 895,061-867-5543,1차진료+건강증진사업,09:00~18:00,,2021-08-01
183,강진군,최경미,단월보건진료소, 전라남도 강진군 칠량면 치산길 9,061-430-3581,1차진료+건강증진사업,09:00~18:00,,2021-08-01
184,강진군,박지현,계율보건진료소,전라남도 강진군 대구면 계율길 41,061-430-3582,1차진료+건강증진사업,09:00~18:00,,2021-08-01
185,강진군,조은경,신기보건진료소,전라남도 강진군 도암면 월곶로 278,061-430-3583,1차진료+건강증진사업,09:00~18:00,,2021-08-01
186,강진군,김미애,강정보건진료소,전라남도 강진군 도암면 지석로 460,061-430-3584,1차진료+건강증진사업,09:00~18:00,,2021-08-01
187,강진군,강서영,송천보건진료소,전라남도 강진군 신전면 운주로 331,061-430-3585,1차진료+건강증진사업,09:00~18:00,,2021-08-01
188,강진군,명미자,용상보건진료소,전라남도 강진군 작천면 열수로 58,061-430-3586,1차진료+건강증진사업,09:00~18:00,,2021-08-01
189,강진군,나정미,영산보건진료소,전라남도 강진군 옴천면 장강로 1776,061-430-3587,1차진료+건강증진사업,09:00~18:00,,2021-08-01
190,해남군,박영화,내사보건진료소,전라남도 해남군 해남읍 내사길502,061-536-7314,1차진료+건강증진사업,09:00~18:00,육지,2021-08-01
191,해남군,김미선,삼호보건진료소,전라남도 해남군 화산면 사포길26,061-536-7002,1차진료+건강증진사업,09:00~18:00,육지,2021-08-01
192,해남군,민예리,연곡보건진료소,전라남도 해남군 화산면 연곡길 58,061-533-4653,1차진료+건강증진사업,09:00~18:00,육지,2021-08-01
193,해남군,권난희,신방보건진료소,전라남도 해남군 현산면 백방산길176,061-533-4438,1차진료+건강증진사업,09:00~18:00,육지,2021-08-01
194,해남군,윤인자,구산보건진료소,전라남도 해남군 현산면 구산길12,061-536-4412,1차진료+건강증진사업,09:00~18:00,육지,2021-08-01
195,해남군,박규남,송호보건진료소,전라남도 해남군 송지면 땅끝해안로1796-14,061-533-3498,1차진료+건강증진사업,09:00~18:00,육지,2021-08-01
196,해남군,박미숙,신정보건진료소,전라남도 해남군 송지면 독고개길3,061-533-3502,1차진료+건강증진사업,09:00~18:00,육지,2021-08-01
197,해남군,최민우,어불보건진료소,전라남도 해남군 송지면 어불길40-15,061-534-1255,1차진료+건강증진사업,09:00~18:00,도서,2021-08-01
198,해남군,곽주화,평암보건진료소,전라남도 해남군 북평면 땅끝해안로3452,061-533-1791,1차진료+건강증진사업,09:00~18:00,육지,2021-08-01
199,해남군,박숙희,와룡보건진료소,전라남도 해남군 북평면 와룡길51,061-533-7344,1차진료+건강증진사업,09:00~18:00,육지,2021-08-01
200,해남군,김명희,동리보건진료소,전라남도 해남군 옥천면 동리길10,061-533-9110,1차진료+건강증진사업,09:00~18:00,육지,2021-08-01
201,해남군,최수빈,덕정보건진료소,전라남도 해남군 계곡면 덕정길5,061-532-6132,1차진료+건강증진사업,09:00~18:00,육지,2021-08-01
202,해남군,이해경,연구보건진료소,전라남도 해남군 마산면 연구길156,061-533-7746,1차진료+건강증진사업,09:00~18:00,육지,2021-08-01
203,해남군,강은선,한자보건진료소,전라남도 해남군 황산면 한자길6,061-533-5346,1차진료+건강증진사업,09:00~18:00,육지,2021-08-01
204,해남군,문을순,대진보건진료소,전라남도 해남군 산이면 산이로1600,061-532-5595,1차진료+건강증진사업,09:00~18:00,육지,2021-08-01
205,해남군,최재선,금호보건진료소,전라남도 해남군 산이면 금호길63,061-537-1597,1차진료+건강증진사업,09:00~18:00,육지,2021-08-01
206,해남군,김경희,고당보건진료소,전라남도 해남군 문내면 문내화원로541,061-532-1518,1차진료+건강증진사업,09:00~18:00,육지,2021-08-01
207,해남군,서영숙,산호보건진료소,전라남도 해남군 화원면 개초길317,061-533-4519,1차진료+건강증진사업,09:00~18:00,육지,2021-08-01
208,영암군,류덕희,장암보건진료소,전라남도 영암군 영암읍마당바우로 105,061-473-2348,1차진료+건강증진사업,09:00~18:00,,2021-08-01
209,영암군,이송순,용산보건진료소,전라남도 영암군 덕진면용동길 91-80,061-473-2683,1차진료+건강증진사업,09:00~18:00,,2021-08-01
210,영암군,김혜란,남송보건진료소,전라남도 영암군 금정면남송길 27,061-472-1406,1차진료+건강증진사업,09:00~18:00,,2021-08-01
211,영암군,류덕희,갈곡보건진료소,전라남도 영암군 신북면차릿길 1-8,061-472-8915,1차진료+건강증진사업,09:00~18:00,,2021-08-01
212,영암군,이영희,월악보건진료소,전라남도 영암군 시종면금지로 65,061-472-7714,1차진료+건강증진사업,09:00~18:00,,2021-08-01
213,영암군,이소영,신학보건진료소,전라남도 영암군 시종면신학1로 9,061-472-5884,1차진료+건강증진사업,09:00~18:00,,2021-08-01
214,영암군,정은지,해창보건진료소,전라남도 영암군 군서면온천로 172,061-472-1271,1차진료+건강증진사업,09:00~18:00,,2021-08-01
215,영암군,조순기,모정보건진료소,전라남도 영암군 군서면영산로 2293,061-472-0423,1차진료+건강증진사업,09:00~18:00,,2021-08-01
216,영암군,윤영내,금강보건진료소,전라남도 영암군 서호면금강로 16,061-472-6819,1차진료+건강증진사업,09:00~18:00,,2021-08-01
217,영암군,박선영,용소보건진료소,전라남도 영암군 학산면천혜길 41,061-472-4276,1차진료+건강증진사업,09:00~18:00,,2021-08-01
218,영암군,김효빈,은곡보건진료소,전라남도 영암군 학산면은곡길 48-7,061-472-5297,1차진료+건강증진사업,09:00~18:00,,2021-08-01
219,영암군,신윤경,신포보건진료소,전라남도 영암군 미암면곤미현길 367,061-472-4318,1차진료+건강증진사업,09:00~18:00,,2021-08-01
220,영암군,박경희,미암보건진료소,전라남도 영암군 미암면미촌길 45,061-472-4882,1차진료+건강증진사업,09:00~18:00,,2021-08-01
221,무안군,박현숙,죽산보건진료소, 전라남도 무안군 일로읍 죽산길 3,061-281-2913,1차진료+건강증진사업,09:00~18:00,,2021-08-01
222,무안군,정인숙,광암보건진료소, 전라남도 무안군 일로읍 삼산로 94,061-282-3232,1차진료+건강증진사업,09:00~18:00,,2021-08-01
223,무안군,박우리,사창보건진료소, 전라남도 무안군 몽탄면 우명길 109,061-452-3808,1차진료+건강증진사업,09:00~18:00,,2021-08-01
224,무안군,전희애,봉명보건진료소, 전라남도 무안군 몽탄면 봉명양장로 262,061-452-3909,1차진료+건강증진사업,09:00~18:00,,2021-08-01
225,무안군,이운아,도대보건진료소,전라남도 무안군 청계면 청운로 402,061-452-5820,1차진료+건강증진사업,09:00~18:00,,2021-08-01
226,무안군,문순미,해운보건진료소,전라남도 무안군 현경면 장군로 687,061-453-6302,1차진료+건강증진사업,09:00~18:00,,2021-08-01
227,무안군,이윤영,송현보건진료소,전라남도 무안군 망운면 서은길 2,061-452-1945,1차진료+건강증진사업,09:00~18:00,,2021-08-01
228,무안군,김명자,만풍보건진료소,전라남도 무안군 해제면 진목길 2,061-454-6796,1차진료+건강증진사업,09:00~18:00,,2021-08-01
229,무안군,고성훈,천장보건진료소,전라남도 무안군 해제면 창매로 23,061-452-7721,1차진료+건강증진사업,09:00~18:00,,2021-08-01
230,무안군,김민경,학송보건진료소,전라남도 무안군 해제면 봉대로 414,061-454-7397,1차진료+건강증진사업,09:00~18:00,,2021-08-01
231,무안군,김혜원,성내보건진료소,전라남도 무안군 운남면 항장길 3,061-452-4709,1차진료+건강증진사업,09:00~18:00,,2021-08-01
232,함평군,신미경,삼정보건진료소,전라남도 함평군 함평읍 함장로 675-13,061-322-2198,일차진료+보건사업+건강증진프로그램,09:00~18:00,,2021-08-01
233,함평군,이주희,석성보건진료소,전라남도 함평군 함평읍 돌머리길 468,061-322-9374,일차진료+보건사업+건강증진프로그램,09:00~18:00,,2021-08-01
234,함평군,정은경,산남보건진료소,전라남도 함평군 손불면 석산로 516,061-322-4741,일차진료+보건사업+건강증진프로그램,09:00~18:00,,2021-08-01
235,함평군,변은혜,월천보건진료소,전라남도 함평군 손불면 손무로 1050,061-324-4740,일차진료+보건사업+건강증진프로그램,09:00~18:00,,2021-08-01
236,함평군,강승희,죽장보건진료소,전라남도 함평군 손불면 죽암죽장길 356,061-322-4742,일차진료+보건사업+건강증진프로그램,09:00~18:00,,2021-08-01
237,함평군,이건희,동정보건진료소,전라남도 함평군 신광면 군유로 436,061-322-5493,일차진료+보건사업+건강증진프로그램,09:00~18:00,,2021-08-01
238,함평군,김주희,금송보건진료소,전라남도 함평군 학교면 중천포로 457,061-322-6907,일차진료+보건사업+건강증진프로그램,09:00~18:00,,2021-08-01
239,함평군,정미혜,복천보건진료소,전라남도 함평군 학교면 고막천로 817,061-322-6712,일차진료+보건사업+건강증진프로그램,09:00~18:00,,2021-08-01
240,함평군,이혜영,영흥보건진료소,전라남도 함평군 엄다면 영흥길 78-19,061-322-7612,일차진료+보건사업+건강증진프로그램,09:00~18:00,,2021-08-01
241,함평군,심연숙,금곡보건진료소,전라남도 함평군 대동면 옥동길 43,061-322-8838,일차진료+보건사업+건강증진프로그램,09:00~18:00,,2021-08-01
242,함평군,박현미,덕산보건진료소,전라남도 함평군 대동면 외덕길 3,061-322-1624,일차진료+보건사업+건강증진프로그램,09:00~18:00,,2021-08-01
243,함평군,김보람,용두보건진료소,전라남도 함평군 나산면 회화정길 17,061-322-8839,일차진료+보건사업+건강증진프로그램,09:00~18:00,,2021-08-01
244,함평군,조영애,대각보건진료소,전라남도 함평군 해보면 올림픽로 1018,061-322-1833,일차진료+보건사업+건강증진프로그램,09:00~18:00,,2021-08-01
245,함평군,이귀덕,계림보건진료소,전라남도 함평군 월야면 금치죽림길 4-6,061-323-1854,일차진료+보건사업+건강증진프로그램,09:00~18:00,,2021-08-01
246,함평군,정성자,양정보건진료소,전라남도 함평군 월야면 갈동길 25,061-323-1853,일차진료+보건사업+건강증진프로그램,09:00~18:00,,2021-08-01
247,함평군,정삼숙,정산보건진료소,전라남도 함평군 월야면 해삼로 602,061-323-1852,일차진료+보건사업+건강증진프로그램,09:00~18:00,,2021-08-01
248,영광군,정옥자,하사보건진료소,전라남도 영광군 백수읍 하사 3길 17 ,061-352-6165,1차진료+건강증진사업,09:00~18:00,,2021-08-01
249,영광군,김하늘,논산보건진료소,전라남도 영광군 군서면 성지로 864,061-353-5993,1차진료+건강증진사업,09:00~18:00,,2021-08-01
250,영광군,,대신보건진료소,전라남도 영광군 백수읍 대신 1길 1 ,061-352-6918,1차진료+건강증진사업,09:00~18:00,,2021-08-01
251,영광군,봉혜련,가곡보건진료소,전라남도 영광군 홍농읍 샘목로 602 ,061-356-0403,1차진료+건강증진사업,09:00~18:00,,2021-08-01
252,영광군,김선미,동부보건진료소,전라남도 영광군 대마면 영장로 10길 86,061-352-3584,1차진료+건강증진사업,09:00~18:00,,2021-08-01
253,영광군,신성순,삼효보건진료소,전라남도 영광군 묘량면 동삼로 319 ,061-352-5700,1차진료+건강증진사업,09:00~18:00,,2021-08-01
254,영광군,박미령,모악보건진료소,전라남도 영광군 불갑면 불갑사로 2길 3-2,061-352-7933,1차진료+건강증진사업,09:00~18:00,,2021-08-01
255,영광군,장경선,덕산보건진료소,전라남도 영광군 군서면 삼산로 306 ,061-352-4489,1차진료+건강증진사업,09:00~18:00,,2021-08-01
256,영광군,나은미,반안보건진료소,전라남도 영광군 군남면 봉덕로 7길 10,061-352-4734,1차진료+건강증진사업,09:00~18:00,,2021-08-01
257,영광군,김정란,야월보건진료소,전라남도 영광군 염산면 칠산로 552-4,061-352-9424,1차진료+건강증진사업,09:00~18:00,,2021-08-01
258,영광군,김순미,월산보건진료소,전라남도 영광군 법성면 용성월산로 2길 238,061-353-2231,1차진료+건강증진사업,09:00~18:00,,2021-08-01
259,영광군,채예숙,송이보건진료소,전라남도 영광군 낙월면 송이길 33-7,061-353-0687,1차진료+건강증진사업,09:00~18:00,도서,2021-08-01
260,영광군,김용자,안마보건진료소,전라남도 영광군 낙월면 안마 1길 22 ,061-352-3266,1차진료+건강증진사업,09:00~18:00,도서,2021-08-01
261,장성군,양미란,용산보건진료소,전라남도 장성군 진원면 용산두월길 4,061-393-4858,1차진료+건강증진사업,09:00~18:00,,2021-08-01
262,장성군,김순자,마령보건진료소,전라남도 장성군 남면 백운길 12,061-394-2936,1차진료+건강증진사업,09:00~18:00,,2021-08-01
263,장성군,이선옥,월산보건진료소,전라남도 장성군 동화면 동화로 121,061-392-8161,1차진료+건강증진사업,09:00~18:00,,2021-08-01
264,장성군,김보미,서부보건진료소,전라남도 장성군 삼서면 소도길 1,061-394-2375,1차진료+건강증진사업,09:00~18:00,,2021-08-01
265,장성군,심정현,보생보건진료소,전라남도 장성군 삼서면 보강길 3,061-394-2420,1차진료+건강증진사업,09:00~18:00,,2021-08-01
266,장성군,이미남,두월보건진료소,전라남도 장성군 삼서면 태산로 279,061-392-2278,1차진료+건강증진사업,09:00~18:00,,2021-08-01
267,장성군,이한솔,생촌보건진료소,전라남도 장성군 삼계면 생촌길 82,061-393-6188,1차진료+건강증진사업,09:00~18:00,,2021-08-01
268,장성군,김제인,필암보건진료소,전라남도 장성군 황룡면 홍길동로 175,061-393-5859,1차진료+건강증진사업,09:00~18:00,,2021-08-01
269,장성군,박서연,모암보건진료소,전라남도 장성군 서삼면 주암길 13,061-393-3865,1차진료+건강증진사업,09:00~18:00,,2021-08-01
270,장성군,박상희,신월보건진료소,전라남도 장성군 북이면 월하길 39,061-392-8439,1차진료+건강증진사업,09:00~18:00,,2021-08-01
271,장성군,김선진,대악보건진료소,전라남도 장성군 북하면 대악길 6,061-392-0306,1차진료+건강증진사업,09:00~18:00,,2021-08-01
272,완도군,이수미,사동보건진료소, 전라남도 완도군 금일읍 금일로 1001번길 46-10 ,061-550-6197,1차진료+건강증진사업,09:00~18:00,,2021-08-01
273,완도군,안유영,충도보건진료소,전라남도 완도군 금일읍 금일충도길 24,061-550-6199,1차진료+건강증진사업,09:00~18:00,,2021-08-01
274,완도군,유선,소랑보건진료소,전라남도 완도군 금일읍 금일로 1207,061-550-6198,1차진료+건강증진사업,09:00~18:00,,2021-08-01
275,완도군,손효진,동부보건진료소,전라남도 완도군 노화읍 노화로 304번길 10,061-550-6267,1차진료+건강증진사업,09:00~18:00,,2021-08-01
276,완도군,정명숙,서넙도보건진료소,전라남도 완도군 노화읍 서넙도길 26-1,061-550-6268,1차진료+건강증진사업,09:00~18:00,,2021-08-01
277,완도군,김수연,고마보건진료소,전라남도 완도군 군외면 고마도길 53,061-550-6347,1차진료+건강증진사업,09:00~18:00,,2021-08-01
278,완도군,김화숙,사후보건진료소,전라남도 완도군 군외면 사후도길 46,061-550-6348,1차진료+건강증진사업,09:00~18:00,,2021-08-01
279,완도군,임하얀,동고보건진료소,전라남도 완도군 신지면 신지로 1275,061-550-6369,1차진료+건강증진사업,09:00~18:00,,2021-08-01
280,완도군,정희정,덕동보건진료소,전라남도 완도군 고금면 고금동로 678번길 32,061-550-6417,1차진료+건강증진사업,09:00~18:00,,2021-08-01
281,완도군,이순자,해동보건진료소,전라남도 완도군 약산면 약산로 688번길 21,061-550-6469,1차진료+건강증진사업,09:00~18:00,,2021-08-01
282,완도군,허경자,여서보건진료소,전라남도 완도군 청산면 여서도길 29-4,061-550-6497,1차진료+건강증진사업,09:00~18:00,,2021-08-01
283,완도군,임선영,모도보건진료소,전라남도 완도군 청산면 대모도길 373,061-550-6498,1차진료+건강증진사업,09:00~18:00,,2021-08-01
284,완도군,조진희,진산보건진료소,전라남도 완도군 소안면 소안로 791번길 29-1,061-550-6567,1차진료+건강증진사업,09:00~18:00,,2021-08-01
285,완도군,박소현,횡간보건진료소,전라남도 완도군 소안면 횡간도길 34,061-550-6568,1차진료+건강증진사업,09:00~18:00,,2021-08-01
286,완도군,이고은,삼산보건진료소,전라남도 완도군 금당면 금당로 321번길 102-1,061-550-6588,1차진료+건강증진사업,09:00~18:00,,2021-08-01
287,완도군,안경연,정자보건진료소,전라남도 완도군 보길면 보길로 527,061-550-6627,1차진료+건강증진사업,09:00~18:00,,2021-08-01
288,완도군,김보람,중리보건진료소,전라남도 완도군 보길면 보길동로 377번길 1-1,061-550-6628,1차진료+건강증진사업,09:00~18:00,,2021-08-01
289,완도군,차애경,덕우보건진료소,전라남도 완도군 생일면 덕우도길 18-7,061-550-6677,1차진료+건강증진사업,09:00~18:00,,2021-08-01
290,진도군,조해인,녹진보건진료소,전라남도 진도군 군내면 대야길 23,061-542-6234,내과,09:00~18:00,,2021-08-01
291,진도군,장은지,회동보건진료소,전라남도 진도군 고군면 진도대로 1528,061-542-6013,내과,09:00~18:00,,2021-08-01
292,진도군,이선경,금갑보건진료소,전라남도 진도군 의신면 금갑길 83-6,061-544-1103,내과,09:00~18:00,,2021-08-01
293,진도군,김명수,죽림보건진료소,전라남도 진도군 임회면 현복동길 24,061-544-0953,내과,09:00~18:00,,2021-08-01
294,진도군,이문자,광석보건진료소,전라남도 진도군 임회면 호구동길 31-3,061-543-6020,내과,09:00~18:00,,2021-08-01
295,진도군,강선희,연동보건진료소,전라남도 진도군 임회면 진도대로 5179-11,061-544-1875,내과,09:00~18:00,,2021-08-01
296,진도군,김미정,길은보건진료소,전라남도 진도군 지산면 거제길은로 277,061-543-2596,내과,09:00~18:00,,2021-08-01
297,진도군,박미정,가치보건진료소,전라남도 진도군 지산면 가치길 74-4,061-543-2911,내과,09:00~18:00,,2021-08-01
298,진도군,윤희정,상조도보건진료소,전라남도 진도군 조도면 조도대로 1298,061-542-1608,내과,09:00~18:00,,2021-08-01
299,진도군,김나나,가사도보건진료소,전라남도 진도군 조도면 가사도길 102,061-542-5693,내과,09:00~18:00,,2021-08-01
300,진도군,손유라,관매도보건진료소,전라남도 진도군 조도면 관매도길 65,061-544-8688,내과,09:00~18:00,,2021-08-01
301,진도군,최유미자,관사도보건진료소,전라남도 진도군 조도면 관사도관작길 36,061-544-5867,내과,09:00~18:00,,2021-08-01
302,진도군,이순태,대마도보건진료소,전라남도 진도군 조도면 대마도길 71-6,061-544-6624,내과,09:00~18:00,,2021-08-01
303,진도군,황광옥,동거차보건진료소,전라남도 진도군 조도면 동거차동육길 58-9,061-544-6930,내과,09:00~18:00,,2021-08-01
304,진도군,유경희,서거차보건진료소,전라남도 진도군 조도면 서거차도리 62-3,061-544-6865,내과,09:00~18:00,,2021-08-01
305,신안군,김주연,선도보건진료소,전라남도 신안군 지도읍 선도길 14-4,061-246-2263,내과+외과+소아과,09:00~18:00,,2021-08-01
306,신안군,임은진,어의도보건진료소,전라남도 신안군 지도읍 어의길 91-5,061-275-8127,내과+외과+소아과,09:00~18:00,,2021-08-01
307,신안군,이형심,매화도보건진료소,전라남도 신안군 압해읍 매화길 698,061-246-2625,내과+외과+소아과,09:00~18:00,,2021-08-01
308,신안군,안은희,고이도보건진료소,전라남도 신안군 압해읍 고이길 34,061-246-3983,내과+외과+소아과,09:00~18:00,,2021-08-01
309,신안군,이정옥,가란도보건진료소,전라남도 신안군 압해읍 가란길 168,061-271-3736,내과+외과+소아과,09:00~18:00,,2021-08-01
310,신안군,강인숙,병풍도보건진료소,전라남도 신안군 증도면 병풍1길 38,061-246-2264,내과+외과+소아과,09:00~18:00,,2021-08-01
311,신안군,김인순,재원도보건진료소,전라남도 신안군 임자면 재원길 23-10,061-275-0280,내과+외과+소아과,09:00~18:00,,2021-08-01
312,신안군,박성희,수치도보건진료소,전라남도 신안군 비금면 수치도길 233,061-262-2195,내과+외과+소아과,09:00~18:00,,2021-08-01
313,신안군,이현숙,우이도보건진료소,전라남도 신안군 도초면 우이진리길 41-8,061-261-1428,내과+외과+소아과,09:00~18:00,,2021-08-01
314,신안군,박해련,태도보건진료소,전라남도 신안군 흑산면 장굴길 49-1,061-246-2762,내과+외과+소아과,09:00~18:00,,2021-08-01
315,신안군,안은희,대둔도보건진료소,전라남도 신안군 흑산면 김이수길 22-4,061-246-2009,내과+외과+소아과,09:00~18:00,,2021-08-01
316,신안군,구인숙,다물도보건진료소,전라남도 신안군 흑산면 다물도길 75,061-246-2059,내과+외과+소아과,09:00~18:00,,2021-08-01
317,신안군,박몽실,영산도 보건진료소,전라남도 신안군 흑산면 영산길 71-3,061-275-9964,내과+외과+소아과,09:00~18:00,,2021-08-01
318,신안군,신종섭,만재도보건진료소,전라남도 신안군 흑산면 만재도길 88-1,061-275-0375,내과+외과+소아과,09:00~18:00,,2021-08-01
319,신안군,이현숙,장도보건진료소,전라남도 신안군 흑산면 장도길 51-1,061-275-0357,내과+외과+소아과,09:00~18:00,,2021-08-01
320,신안군,김혜월,능산도보건진료소,전라남도 신안군 하의면 능뫼큰길 5-18,061-275-3888,내과+외과+소아과,09:00~18:00,,2021-08-01
321,신안군,양미애,옥도보건진료소,전라남도 신안군 하의면 옥도길 80-8,061-262-3980,내과+외과+소아과,09:00~18:00,,2021-08-01
322,신안군,이미진,마진도보건진료소,전라남도 신안군 장산면 마진도길 48-9,061-262-3975,내과+외과+소아과,09:00~18:00,,2021-08-01
323,신안군,박수미,반월도보건진료소,전라남도 신안군 안좌면 반월도길 211,061-262-8734,내과+외과+소아과,09:00~18:00,,2021-08-01
324,신안군,윤현,자라도보건진료소,전라남도 신안군 안좌면 자라도길 16,061-262-4381,내과+외과+소아과,09:00~18:00,,2021-08-01
325,신안군,이미자,당사도보건진료소,전라남도 신안군 암태면 당사도길 58-29,061-246-2711,내과+외과+소아과,09:00~18:00,,2021-08-01
326,신안군,장효숙,사리보건진료소,전라남도 신안군 흑산면 흑산일주로 1501,061-246-2040,내과+외과+소아과,09:00~18:00,,2021-08-01
327,신안군,박경자,추포도보건진료소,전라남도 신안군 암태면 승봉로 491,061-261-1606,내과+외과+소아과,09:00~18:00,,2021-08-01
