fid,field_1,Unnamed: 0,약국명_y,주소_y,전화번호,좌표정보(X),좌표정보(Y),월요일 운영,화요일 운영,수요일 운영,목요일 운영,금요일 운영,토요일 운영,일요일 운영,공휴일 운영,CLUSTER_ID,CLUSTER_SIZE,ringId,distance,fid_2,gid,lbl,val,layer,path
"4","67","67",구영약국,전라남도 신안군 암태면 중부로 1820-4,061-271-4287,126.1145745,34.8289262,08:00~20:00,08:00~20:00,08:00~20:00,08:00~20:00,08:00~20:00,08:00~13:00,"-","-","2","1","1",1000,"31194",나라72ab48ba,,,(B100)국토통계_인구정보-고령 인구 수(전체)-(격자) 250M_전라남도 신안군_202204 ? nlsp_031001010,C:/Users/yttn0/Desktop/drug/고령 데이터_250M/(B100)국토통계_인구정보-고령 인구 수(전체)-(격자) 250M_전라남도 신안군_202204|layername=nlsp_031001010
"4","67","67",구영약국,전라남도 신안군 암태면 중부로 1820-4,061-271-4287,126.1145745,34.8289262,08:00~20:00,08:00~20:00,08:00~20:00,08:00~20:00,08:00~20:00,08:00~13:00,"-","-","2","1","1",1000,"31195",나라72ab48bb,,,(B100)국토통계_인구정보-고령 인구 수(전체)-(격자) 250M_전라남도 신안군_202204 ? nlsp_031001010,C:/Users/yttn0/Desktop/drug/고령 데이터_250M/(B100)국토통계_인구정보-고령 인구 수(전체)-(격자) 250M_전라남도 신안군_202204|layername=nlsp_031001010
"4","67","67",구영약국,전라남도 신안군 암태면 중부로 1820-4,061-271-4287,126.1145745,34.8289262,08:00~20:00,08:00~20:00,08:00~20:00,08:00~20:00,08:00~20:00,08:00~13:00,"-","-","2","1","1",1000,"31196",나라72ab49aa,,,(B100)국토통계_인구정보-고령 인구 수(전체)-(격자) 250M_전라남도 신안군_202204 ? nlsp_031001010,C:/Users/yttn0/Desktop/drug/고령 데이터_250M/(B100)국토통계_인구정보-고령 인구 수(전체)-(격자) 250M_전라남도 신안군_202204|layername=nlsp_031001010
"4","67","67",구영약국,전라남도 신안군 암태면 중부로 1820-4,061-271-4287,126.1145745,34.8289262,08:00~20:00,08:00~20:00,08:00~20:00,08:00~20:00,08:00~20:00,08:00~13:00,"-","-","2","1","1",1000,"31197",나라72ab49ab,,,(B100)국토통계_인구정보-고령 인구 수(전체)-(격자) 250M_전라남도 신안군_202204 ? nlsp_031001010,C:/Users/yttn0/Desktop/drug/고령 데이터_250M/(B100)국토통계_인구정보-고령 인구 수(전체)-(격자) 250M_전라남도 신안군_202204|layername=nlsp_031001010
"4","67","67",구영약국,전라남도 신안군 암태면 중부로 1820-4,061-271-4287,126.1145745,34.8289262,08:00~20:00,08:00~20:00,08:00~20:00,08:00~20:00,08:00~20:00,08:00~13:00,"-","-","2","1","1",1000,"31198",나라72ab49ba,,,(B100)국토통계_인구정보-고령 인구 수(전체)-(격자) 250M_전라남도 신안군_202204 ? nlsp_031001010,C:/Users/yttn0/Desktop/drug/고령 데이터_250M/(B100)국토통계_인구정보-고령 인구 수(전체)-(격자) 250M_전라남도 신안군_202204|layername=nlsp_031001010
"4","67","67",구영약국,전라남도 신안군 암태면 중부로 1820-4,061-271-4287,126.1145745,34.8289262,08:00~20:00,08:00~20:00,08:00~20:00,08:00~20:00,08:00~20:00,08:00~13:00,"-","-","2","1","1",1000,"31316",나라72ba48ab,,,(B100)국토통계_인구정보-고령 인구 수(전체)-(격자) 250M_전라남도 신안군_202204 ? nlsp_031001010,C:/Users/yttn0/Desktop/drug/고령 데이터_250M/(B100)국토통계_인구정보-고령 인구 수(전체)-(격자) 250M_전라남도 신안군_202204|layername=nlsp_031001010
"4","67","67",구영약국,전라남도 신안군 암태면 중부로 1820-4,061-271-4287,126.1145745,34.8289262,08:00~20:00,08:00~20:00,08:00~20:00,08:00~20:00,08:00~20:00,08:00~13:00,"-","-","2","1","1",1000,"31317",나라72ba48ba,,,(B100)국토통계_인구정보-고령 인구 수(전체)-(격자) 250M_전라남도 신안군_202204 ? nlsp_031001010,C:/Users/yttn0/Desktop/drug/고령 데이터_250M/(B100)국토통계_인구정보-고령 인구 수(전체)-(격자) 250M_전라남도 신안군_202204|layername=nlsp_031001010
"4","67","67",구영약국,전라남도 신안군 암태면 중부로 1820-4,061-271-4287,126.1145745,34.8289262,08:00~20:00,08:00~20:00,08:00~20:00,08:00~20:00,08:00~20:00,08:00~13:00,"-","-","2","1","1",1000,"31318",나라72ba48bb,"30.00",30,(B100)국토통계_인구정보-고령 인구 수(전체)-(격자) 250M_전라남도 신안군_202204 ? nlsp_031001010,C:/Users/yttn0/Desktop/drug/고령 데이터_250M/(B100)국토통계_인구정보-고령 인구 수(전체)-(격자) 250M_전라남도 신안군_202204|layername=nlsp_031001010
"4","67","67",구영약국,전라남도 신안군 암태면 중부로 1820-4,061-271-4287,126.1145745,34.8289262,08:00~20:00,08:00~20:00,08:00~20:00,08:00~20:00,08:00~20:00,08:00~13:00,"-","-","2","1","1",1000,"31319",나라72ba49aa,"13.00",13,(B100)국토통계_인구정보-고령 인구 수(전체)-(격자) 250M_전라남도 신안군_202204 ? nlsp_031001010,C:/Users/yttn0/Desktop/drug/고령 데이터_250M/(B100)국토통계_인구정보-고령 인구 수(전체)-(격자) 250M_전라남도 신안군_202204|layername=nlsp_031001010
"4","67","67",구영약국,전라남도 신안군 암태면 중부로 1820-4,061-271-4287,126.1145745,34.8289262,08:00~20:00,08:00~20:00,08:00~20:00,08:00~20:00,08:00~20:00,08:00~13:00,"-","-","2","1","1",1000,"31320",나라72ba49ab,,,(B100)국토통계_인구정보-고령 인구 수(전체)-(격자) 250M_전라남도 신안군_202204 ? nlsp_031001010,C:/Users/yttn0/Desktop/drug/고령 데이터_250M/(B100)국토통계_인구정보-고령 인구 수(전체)-(격자) 250M_전라남도 신안군_202204|layername=nlsp_031001010
"4","67","67",구영약국,전라남도 신안군 암태면 중부로 1820-4,061-271-4287,126.1145745,34.8289262,08:00~20:00,08:00~20:00,08:00~20:00,08:00~20:00,08:00~20:00,08:00~13:00,"-","-","2","1","1",1000,"31321",나라72ba49ba,,,(B100)국토통계_인구정보-고령 인구 수(전체)-(격자) 250M_전라남도 신안군_202204 ? nlsp_031001010,C:/Users/yttn0/Desktop/drug/고령 데이터_250M/(B100)국토통계_인구정보-고령 인구 수(전체)-(격자) 250M_전라남도 신안군_202204|layername=nlsp_031001010
"4","67","67",구영약국,전라남도 신안군 암태면 중부로 1820-4,061-271-4287,126.1145745,34.8289262,08:00~20:00,08:00~20:00,08:00~20:00,08:00~20:00,08:00~20:00,08:00~13:00,"-","-","2","1","1",1000,"31322",나라72ba49bb,,,(B100)국토통계_인구정보-고령 인구 수(전체)-(격자) 250M_전라남도 신안군_202204 ? nlsp_031001010,C:/Users/yttn0/Desktop/drug/고령 데이터_250M/(B100)국토통계_인구정보-고령 인구 수(전체)-(격자) 250M_전라남도 신안군_202204|layername=nlsp_031001010
"4","67","67",구영약국,전라남도 신안군 암태면 중부로 1820-4,061-271-4287,126.1145745,34.8289262,08:00~20:00,08:00~20:00,08:00~20:00,08:00~20:00,08:00~20:00,08:00~13:00,"-","-","2","1","1",1000,"31436",나라72bb48aa,,,(B100)국토통계_인구정보-고령 인구 수(전체)-(격자) 250M_전라남도 신안군_202204 ? nlsp_031001010,C:/Users/yttn0/Desktop/drug/고령 데이터_250M/(B100)국토통계_인구정보-고령 인구 수(전체)-(격자) 250M_전라남도 신안군_202204|layername=nlsp_031001010
"4","67","67",구영약국,전라남도 신안군 암태면 중부로 1820-4,061-271-4287,126.1145745,34.8289262,08:00~20:00,08:00~20:00,08:00~20:00,08:00~20:00,08:00~20:00,08:00~13:00,"-","-","2","1","1",1000,"31437",나라72bb48ab,,,(B100)국토통계_인구정보-고령 인구 수(전체)-(격자) 250M_전라남도 신안군_202204 ? nlsp_031001010,C:/Users/yttn0/Desktop/drug/고령 데이터_250M/(B100)국토통계_인구정보-고령 인구 수(전체)-(격자) 250M_전라남도 신안군_202204|layername=nlsp_031001010
"4","67","67",구영약국,전라남도 신안군 암태면 중부로 1820-4,061-271-4287,126.1145745,34.8289262,08:00~20:00,08:00~20:00,08:00~20:00,08:00~20:00,08:00~20:00,08:00~13:00,"-","-","2","1","1",1000,"31438",나라72bb48ba,,,(B100)국토통계_인구정보-고령 인구 수(전체)-(격자) 250M_전라남도 신안군_202204 ? nlsp_031001010,C:/Users/yttn0/Desktop/drug/고령 데이터_250M/(B100)국토통계_인구정보-고령 인구 수(전체)-(격자) 250M_전라남도 신안군_202204|layername=nlsp_031001010
"4","67","67",구영약국,전라남도 신안군 암태면 중부로 1820-4,061-271-4287,126.1145745,34.8289262,08:00~20:00,08:00~20:00,08:00~20:00,08:00~20:00,08:00~20:00,08:00~13:00,"-","-","2","1","1",1000,"31439",나라72bb48bb,N/A,0,(B100)국토통계_인구정보-고령 인구 수(전체)-(격자) 250M_전라남도 신안군_202204 ? nlsp_031001010,C:/Users/yttn0/Desktop/drug/고령 데이터_250M/(B100)국토통계_인구정보-고령 인구 수(전체)-(격자) 250M_전라남도 신안군_202204|layername=nlsp_031001010
"4","67","67",구영약국,전라남도 신안군 암태면 중부로 1820-4,061-271-4287,126.1145745,34.8289262,08:00~20:00,08:00~20:00,08:00~20:00,08:00~20:00,08:00~20:00,08:00~13:00,"-","-","2","1","1",1000,"31440",나라72bb49aa,"17.00",17,(B100)국토통계_인구정보-고령 인구 수(전체)-(격자) 250M_전라남도 신안군_202204 ? nlsp_031001010,C:/Users/yttn0/Desktop/drug/고령 데이터_250M/(B100)국토통계_인구정보-고령 인구 수(전체)-(격자) 250M_전라남도 신안군_202204|layername=nlsp_031001010
"4","67","67",구영약국,전라남도 신안군 암태면 중부로 1820-4,061-271-4287,126.1145745,34.8289262,08:00~20:00,08:00~20:00,08:00~20:00,08:00~20:00,08:00~20:00,08:00~13:00,"-","-","2","1","1",1000,"31441",나라72bb49ab,"7.00",7,(B100)국토통계_인구정보-고령 인구 수(전체)-(격자) 250M_전라남도 신안군_202204 ? nlsp_031001010,C:/Users/yttn0/Desktop/drug/고령 데이터_250M/(B100)국토통계_인구정보-고령 인구 수(전체)-(격자) 250M_전라남도 신안군_202204|layername=nlsp_031001010
"4","67","67",구영약국,전라남도 신안군 암태면 중부로 1820-4,061-271-4287,126.1145745,34.8289262,08:00~20:00,08:00~20:00,08:00~20:00,08:00~20:00,08:00~20:00,08:00~13:00,"-","-","2","1","1",1000,"31442",나라72bb49ba,,,(B100)국토통계_인구정보-고령 인구 수(전체)-(격자) 250M_전라남도 신안군_202204 ? nlsp_031001010,C:/Users/yttn0/Desktop/drug/고령 데이터_250M/(B100)국토통계_인구정보-고령 인구 수(전체)-(격자) 250M_전라남도 신안군_202204|layername=nlsp_031001010
"4","67","67",구영약국,전라남도 신안군 암태면 중부로 1820-4,061-271-4287,126.1145745,34.8289262,08:00~20:00,08:00~20:00,08:00~20:00,08:00~20:00,08:00~20:00,08:00~13:00,"-","-","2","1","1",1000,"31443",나라72bb49bb,,,(B100)국토통계_인구정보-고령 인구 수(전체)-(격자) 250M_전라남도 신안군_202204 ? nlsp_031001010,C:/Users/yttn0/Desktop/drug/고령 데이터_250M/(B100)국토통계_인구정보-고령 인구 수(전체)-(격자) 250M_전라남도 신안군_202204|layername=nlsp_031001010
"4","67","67",구영약국,전라남도 신안군 암태면 중부로 1820-4,061-271-4287,126.1145745,34.8289262,08:00~20:00,08:00~20:00,08:00~20:00,08:00~20:00,08:00~20:00,08:00~13:00,"-","-","2","1","1",1000,"31444",나라72bb50aa,"10.00",10,(B100)국토통계_인구정보-고령 인구 수(전체)-(격자) 250M_전라남도 신안군_202204 ? nlsp_031001010,C:/Users/yttn0/Desktop/drug/고령 데이터_250M/(B100)국토통계_인구정보-고령 인구 수(전체)-(격자) 250M_전라남도 신안군_202204|layername=nlsp_031001010
"4","67","67",구영약국,전라남도 신안군 암태면 중부로 1820-4,061-271-4287,126.1145745,34.8289262,08:00~20:00,08:00~20:00,08:00~20:00,08:00~20:00,08:00~20:00,08:00~13:00,"-","-","2","1","1",1000,"31565",나라73aa48aa,,,(B100)국토통계_인구정보-고령 인구 수(전체)-(격자) 250M_전라남도 신안군_202204 ? nlsp_031001010,C:/Users/yttn0/Desktop/drug/고령 데이터_250M/(B100)국토통계_인구정보-고령 인구 수(전체)-(격자) 250M_전라남도 신안군_202204|layername=nlsp_031001010
"4","67","67",구영약국,전라남도 신안군 암태면 중부로 1820-4,061-271-4287,126.1145745,34.8289262,08:00~20:00,08:00~20:00,08:00~20:00,08:00~20:00,08:00~20:00,08:00~13:00,"-","-","2","1","1",1000,"31566",나라73aa48ab,,,(B100)국토통계_인구정보-고령 인구 수(전체)-(격자) 250M_전라남도 신안군_202204 ? nlsp_031001010,C:/Users/yttn0/Desktop/drug/고령 데이터_250M/(B100)국토통계_인구정보-고령 인구 수(전체)-(격자) 250M_전라남도 신안군_202204|layername=nlsp_031001010
"4","67","67",구영약국,전라남도 신안군 암태면 중부로 1820-4,061-271-4287,126.1145745,34.8289262,08:00~20:00,08:00~20:00,08:00~20:00,08:00~20:00,08:00~20:00,08:00~13:00,"-","-","2","1","1",1000,"31567",나라73aa48ba,,,(B100)국토통계_인구정보-고령 인구 수(전체)-(격자) 250M_전라남도 신안군_202204 ? nlsp_031001010,C:/Users/yttn0/Desktop/drug/고령 데이터_250M/(B100)국토통계_인구정보-고령 인구 수(전체)-(격자) 250M_전라남도 신안군_202204|layername=nlsp_031001010
"4","67","67",구영약국,전라남도 신안군 암태면 중부로 1820-4,061-271-4287,126.1145745,34.8289262,08:00~20:00,08:00~20:00,08:00~20:00,08:00~20:00,08:00~20:00,08:00~13:00,"-","-","2","1","1",1000,"31568",나라73aa48bb,N/A,0,(B100)국토통계_인구정보-고령 인구 수(전체)-(격자) 250M_전라남도 신안군_202204 ? nlsp_031001010,C:/Users/yttn0/Desktop/drug/고령 데이터_250M/(B100)국토통계_인구정보-고령 인구 수(전체)-(격자) 250M_전라남도 신안군_202204|layername=nlsp_031001010
"4","67","67",구영약국,전라남도 신안군 암태면 중부로 1820-4,061-271-4287,126.1145745,34.8289262,08:00~20:00,08:00~20:00,08:00~20:00,08:00~20:00,08:00~20:00,08:00~13:00,"-","-","2","1","1",1000,"31569",나라73aa49aa,"26.00",26,(B100)국토통계_인구정보-고령 인구 수(전체)-(격자) 250M_전라남도 신안군_202204 ? nlsp_031001010,C:/Users/yttn0/Desktop/drug/고령 데이터_250M/(B100)국토통계_인구정보-고령 인구 수(전체)-(격자) 250M_전라남도 신안군_202204|layername=nlsp_031001010
"4","67","67",구영약국,전라남도 신안군 암태면 중부로 1820-4,061-271-4287,126.1145745,34.8289262,08:00~20:00,08:00~20:00,08:00~20:00,08:00~20:00,08:00~20:00,08:00~13:00,"-","-","2","1","1",1000,"31570",나라73aa49ab,,,(B100)국토통계_인구정보-고령 인구 수(전체)-(격자) 250M_전라남도 신안군_202204 ? nlsp_031001010,C:/Users/yttn0/Desktop/drug/고령 데이터_250M/(B100)국토통계_인구정보-고령 인구 수(전체)-(격자) 250M_전라남도 신안군_202204|layername=nlsp_031001010
"4","67","67",구영약국,전라남도 신안군 암태면 중부로 1820-4,061-271-4287,126.1145745,34.8289262,08:00~20:00,08:00~20:00,08:00~20:00,08:00~20:00,08:00~20:00,08:00~13:00,"-","-","2","1","1",1000,"31571",나라73aa49ba,,,(B100)국토통계_인구정보-고령 인구 수(전체)-(격자) 250M_전라남도 신안군_202204 ? nlsp_031001010,C:/Users/yttn0/Desktop/drug/고령 데이터_250M/(B100)국토통계_인구정보-고령 인구 수(전체)-(격자) 250M_전라남도 신안군_202204|layername=nlsp_031001010
"4","67","67",구영약국,전라남도 신안군 암태면 중부로 1820-4,061-271-4287,126.1145745,34.8289262,08:00~20:00,08:00~20:00,08:00~20:00,08:00~20:00,08:00~20:00,08:00~13:00,"-","-","2","1","1",1000,"31572",나라73aa49bb,N/A,0,(B100)국토통계_인구정보-고령 인구 수(전체)-(격자) 250M_전라남도 신안군_202204 ? nlsp_031001010,C:/Users/yttn0/Desktop/drug/고령 데이터_250M/(B100)국토통계_인구정보-고령 인구 수(전체)-(격자) 250M_전라남도 신안군_202204|layername=nlsp_031001010
"4","67","67",구영약국,전라남도 신안군 암태면 중부로 1820-4,061-271-4287,126.1145745,34.8289262,08:00~20:00,08:00~20:00,08:00~20:00,08:00~20:00,08:00~20:00,08:00~13:00,"-","-","2","1","1",1000,"31573",나라73aa50aa,"11.00",11,(B100)국토통계_인구정보-고령 인구 수(전체)-(격자) 250M_전라남도 신안군_202204 ? nlsp_031001010,C:/Users/yttn0/Desktop/drug/고령 데이터_250M/(B100)국토통계_인구정보-고령 인구 수(전체)-(격자) 250M_전라남도 신안군_202204|layername=nlsp_031001010
"4","67","67",구영약국,전라남도 신안군 암태면 중부로 1820-4,061-271-4287,126.1145745,34.8289262,08:00~20:00,08:00~20:00,08:00~20:00,08:00~20:00,08:00~20:00,08:00~13:00,"-","-","2","1","1",1000,"31691",나라73ab48aa,,,(B100)국토통계_인구정보-고령 인구 수(전체)-(격자) 250M_전라남도 신안군_202204 ? nlsp_031001010,C:/Users/yttn0/Desktop/drug/고령 데이터_250M/(B100)국토통계_인구정보-고령 인구 수(전체)-(격자) 250M_전라남도 신안군_202204|layername=nlsp_031001010
"4","67","67",구영약국,전라남도 신안군 암태면 중부로 1820-4,061-271-4287,126.1145745,34.8289262,08:00~20:00,08:00~20:00,08:00~20:00,08:00~20:00,08:00~20:00,08:00~13:00,"-","-","2","1","1",1000,"31692",나라73ab48ab,,,(B100)국토통계_인구정보-고령 인구 수(전체)-(격자) 250M_전라남도 신안군_202204 ? nlsp_031001010,C:/Users/yttn0/Desktop/drug/고령 데이터_250M/(B100)국토통계_인구정보-고령 인구 수(전체)-(격자) 250M_전라남도 신안군_202204|layername=nlsp_031001010
"4","67","67",구영약국,전라남도 신안군 암태면 중부로 1820-4,061-271-4287,126.1145745,34.8289262,08:00~20:00,08:00~20:00,08:00~20:00,08:00~20:00,08:00~20:00,08:00~13:00,"-","-","2","1","1",1000,"31693",나라73ab48ba,,,(B100)국토통계_인구정보-고령 인구 수(전체)-(격자) 250M_전라남도 신안군_202204 ? nlsp_031001010,C:/Users/yttn0/Desktop/drug/고령 데이터_250M/(B100)국토통계_인구정보-고령 인구 수(전체)-(격자) 250M_전라남도 신안군_202204|layername=nlsp_031001010
"4","67","67",구영약국,전라남도 신안군 암태면 중부로 1820-4,061-271-4287,126.1145745,34.8289262,08:00~20:00,08:00~20:00,08:00~20:00,08:00~20:00,08:00~20:00,08:00~13:00,"-","-","2","1","1",1000,"31694",나라73ab48bb,N/A,0,(B100)국토통계_인구정보-고령 인구 수(전체)-(격자) 250M_전라남도 신안군_202204 ? nlsp_031001010,C:/Users/yttn0/Desktop/drug/고령 데이터_250M/(B100)국토통계_인구정보-고령 인구 수(전체)-(격자) 250M_전라남도 신안군_202204|layername=nlsp_031001010
"4","67","67",구영약국,전라남도 신안군 암태면 중부로 1820-4,061-271-4287,126.1145745,34.8289262,08:00~20:00,08:00~20:00,08:00~20:00,08:00~20:00,08:00~20:00,08:00~13:00,"-","-","2","1","1",1000,"31695",나라73ab49aa,"15.00",15,(B100)국토통계_인구정보-고령 인구 수(전체)-(격자) 250M_전라남도 신안군_202204 ? nlsp_031001010,C:/Users/yttn0/Desktop/drug/고령 데이터_250M/(B100)국토통계_인구정보-고령 인구 수(전체)-(격자) 250M_전라남도 신안군_202204|layername=nlsp_031001010
"4","67","67",구영약국,전라남도 신안군 암태면 중부로 1820-4,061-271-4287,126.1145745,34.8289262,08:00~20:00,08:00~20:00,08:00~20:00,08:00~20:00,08:00~20:00,08:00~13:00,"-","-","2","1","1",1000,"31696",나라73ab49ab,N/A,0,(B100)국토통계_인구정보-고령 인구 수(전체)-(격자) 250M_전라남도 신안군_202204 ? nlsp_031001010,C:/Users/yttn0/Desktop/drug/고령 데이터_250M/(B100)국토통계_인구정보-고령 인구 수(전체)-(격자) 250M_전라남도 신안군_202204|layername=nlsp_031001010
"4","67","67",구영약국,전라남도 신안군 암태면 중부로 1820-4,061-271-4287,126.1145745,34.8289262,08:00~20:00,08:00~20:00,08:00~20:00,08:00~20:00,08:00~20:00,08:00~13:00,"-","-","2","1","1",1000,"31697",나라73ab49ba,,,(B100)국토통계_인구정보-고령 인구 수(전체)-(격자) 250M_전라남도 신안군_202204 ? nlsp_031001010,C:/Users/yttn0/Desktop/drug/고령 데이터_250M/(B100)국토통계_인구정보-고령 인구 수(전체)-(격자) 250M_전라남도 신안군_202204|layername=nlsp_031001010
"4","67","67",구영약국,전라남도 신안군 암태면 중부로 1820-4,061-271-4287,126.1145745,34.8289262,08:00~20:00,08:00~20:00,08:00~20:00,08:00~20:00,08:00~20:00,08:00~13:00,"-","-","2","1","1",1000,"31698",나라73ab49bb,,,(B100)국토통계_인구정보-고령 인구 수(전체)-(격자) 250M_전라남도 신안군_202204 ? nlsp_031001010,C:/Users/yttn0/Desktop/drug/고령 데이터_250M/(B100)국토통계_인구정보-고령 인구 수(전체)-(격자) 250M_전라남도 신안군_202204|layername=nlsp_031001010
"4","67","67",구영약국,전라남도 신안군 암태면 중부로 1820-4,061-271-4287,126.1145745,34.8289262,08:00~20:00,08:00~20:00,08:00~20:00,08:00~20:00,08:00~20:00,08:00~13:00,"-","-","2","1","1",1000,"31699",나라73ab50aa,,,(B100)국토통계_인구정보-고령 인구 수(전체)-(격자) 250M_전라남도 신안군_202204 ? nlsp_031001010,C:/Users/yttn0/Desktop/drug/고령 데이터_250M/(B100)국토통계_인구정보-고령 인구 수(전체)-(격자) 250M_전라남도 신안군_202204|layername=nlsp_031001010
"4","67","67",구영약국,전라남도 신안군 암태면 중부로 1820-4,061-271-4287,126.1145745,34.8289262,08:00~20:00,08:00~20:00,08:00~20:00,08:00~20:00,08:00~20:00,08:00~13:00,"-","-","2","1","1",1000,"31826",나라73ba48bb,,,(B100)국토통계_인구정보-고령 인구 수(전체)-(격자) 250M_전라남도 신안군_202204 ? nlsp_031001010,C:/Users/yttn0/Desktop/drug/고령 데이터_250M/(B100)국토통계_인구정보-고령 인구 수(전체)-(격자) 250M_전라남도 신안군_202204|layername=nlsp_031001010
"4","67","67",구영약국,전라남도 신안군 암태면 중부로 1820-4,061-271-4287,126.1145745,34.8289262,08:00~20:00,08:00~20:00,08:00~20:00,08:00~20:00,08:00~20:00,08:00~13:00,"-","-","2","1","1",1000,"31827",나라73ba49aa,,,(B100)국토통계_인구정보-고령 인구 수(전체)-(격자) 250M_전라남도 신안군_202204 ? nlsp_031001010,C:/Users/yttn0/Desktop/drug/고령 데이터_250M/(B100)국토통계_인구정보-고령 인구 수(전체)-(격자) 250M_전라남도 신안군_202204|layername=nlsp_031001010
"4","67","67",구영약국,전라남도 신안군 암태면 중부로 1820-4,061-271-4287,126.1145745,34.8289262,08:00~20:00,08:00~20:00,08:00~20:00,08:00~20:00,08:00~20:00,08:00~13:00,"-","-","2","1","1",1000,"31828",나라73ba49ab,,,(B100)국토통계_인구정보-고령 인구 수(전체)-(격자) 250M_전라남도 신안군_202204 ? nlsp_031001010,C:/Users/yttn0/Desktop/drug/고령 데이터_250M/(B100)국토통계_인구정보-고령 인구 수(전체)-(격자) 250M_전라남도 신안군_202204|layername=nlsp_031001010
"4","67","67",구영약국,전라남도 신안군 암태면 중부로 1820-4,061-271-4287,126.1145745,34.8289262,08:00~20:00,08:00~20:00,08:00~20:00,08:00~20:00,08:00~20:00,08:00~13:00,"-","-","2","1","1",1000,"31829",나라73ba49ba,,,(B100)국토통계_인구정보-고령 인구 수(전체)-(격자) 250M_전라남도 신안군_202204 ? nlsp_031001010,C:/Users/yttn0/Desktop/drug/고령 데이터_250M/(B100)국토통계_인구정보-고령 인구 수(전체)-(격자) 250M_전라남도 신안군_202204|layername=nlsp_031001010
"4","67","67",구영약국,전라남도 신안군 암태면 중부로 1820-4,061-271-4287,126.1145745,34.8289262,08:00~20:00,08:00~20:00,08:00~20:00,08:00~20:00,08:00~20:00,08:00~13:00,"-","-","2","1","1",1000,"31830",나라73ba49bb,,,(B100)국토통계_인구정보-고령 인구 수(전체)-(격자) 250M_전라남도 신안군_202204 ? nlsp_031001010,C:/Users/yttn0/Desktop/drug/고령 데이터_250M/(B100)국토통계_인구정보-고령 인구 수(전체)-(격자) 250M_전라남도 신안군_202204|layername=nlsp_031001010
"4","67","67",구영약국,전라남도 신안군 암태면 중부로 1820-4,061-271-4287,126.1145745,34.8289262,08:00~20:00,08:00~20:00,08:00~20:00,08:00~20:00,08:00~20:00,08:00~13:00,"-","-","2","1","1",1000,"31831",나라73ba50aa,,,(B100)국토통계_인구정보-고령 인구 수(전체)-(격자) 250M_전라남도 신안군_202204 ? nlsp_031001010,C:/Users/yttn0/Desktop/drug/고령 데이터_250M/(B100)국토통계_인구정보-고령 인구 수(전체)-(격자) 250M_전라남도 신안군_202204|layername=nlsp_031001010
"4","67","67",구영약국,전라남도 신안군 암태면 중부로 1820-4,061-271-4287,126.1145745,34.8289262,08:00~20:00,08:00~20:00,08:00~20:00,08:00~20:00,08:00~20:00,08:00~13:00,"-","-","2","1","1",1000,"31968",나라73bb49aa,,,(B100)국토통계_인구정보-고령 인구 수(전체)-(격자) 250M_전라남도 신안군_202204 ? nlsp_031001010,C:/Users/yttn0/Desktop/drug/고령 데이터_250M/(B100)국토통계_인구정보-고령 인구 수(전체)-(격자) 250M_전라남도 신안군_202204|layername=nlsp_031001010
"4","67","67",구영약국,전라남도 신안군 암태면 중부로 1820-4,061-271-4287,126.1145745,34.8289262,08:00~20:00,08:00~20:00,08:00~20:00,08:00~20:00,08:00~20:00,08:00~13:00,"-","-","2","1","1",1000,"31969",나라73bb49ab,,,(B100)국토통계_인구정보-고령 인구 수(전체)-(격자) 250M_전라남도 신안군_202204 ? nlsp_031001010,C:/Users/yttn0/Desktop/drug/고령 데이터_250M/(B100)국토통계_인구정보-고령 인구 수(전체)-(격자) 250M_전라남도 신안군_202204|layername=nlsp_031001010
"4","67","67",구영약국,전라남도 신안군 암태면 중부로 1820-4,061-271-4287,126.1145745,34.8289262,08:00~20:00,08:00~20:00,08:00~20:00,08:00~20:00,08:00~20:00,08:00~13:00,"-","-","2","1","1",1000,"31970",나라73bb49ba,,,(B100)국토통계_인구정보-고령 인구 수(전체)-(격자) 250M_전라남도 신안군_202204 ? nlsp_031001010,C:/Users/yttn0/Desktop/drug/고령 데이터_250M/(B100)국토통계_인구정보-고령 인구 수(전체)-(격자) 250M_전라남도 신안군_202204|layername=nlsp_031001010
"4","67","67",구영약국,전라남도 신안군 암태면 중부로 1820-4,061-271-4287,126.1145745,34.8289262,08:00~20:00,08:00~20:00,08:00~20:00,08:00~20:00,08:00~20:00,08:00~13:00,"-","-","2","1","1",1000,"31971",나라73bb49bb,,,(B100)국토통계_인구정보-고령 인구 수(전체)-(격자) 250M_전라남도 신안군_202204 ? nlsp_031001010,C:/Users/yttn0/Desktop/drug/고령 데이터_250M/(B100)국토통계_인구정보-고령 인구 수(전체)-(격자) 250M_전라남도 신안군_202204|layername=nlsp_031001010
"4","67","67",구영약국,전라남도 신안군 암태면 중부로 1820-4,061-271-4287,126.1145745,34.8289262,08:00~20:00,08:00~20:00,08:00~20:00,08:00~20:00,08:00~20:00,08:00~13:00,"-","-","2","1","1",1000,"31972",나라73bb50aa,,,(B100)국토통계_인구정보-고령 인구 수(전체)-(격자) 250M_전라남도 신안군_202204 ? nlsp_031001010,C:/Users/yttn0/Desktop/drug/고령 데이터_250M/(B100)국토통계_인구정보-고령 인구 수(전체)-(격자) 250M_전라남도 신안군_202204|layername=nlsp_031001010
"4","67","67",구영약국,전라남도 신안군 암태면 중부로 1820-4,061-271-4287,126.1145745,34.8289262,08:00~20:00,08:00~20:00,08:00~20:00,08:00~20:00,08:00~20:00,08:00~13:00,"-","-","2","1","1",1000,"32096",나라74aa49ba,,,(B100)국토통계_인구정보-고령 인구 수(전체)-(격자) 250M_전라남도 신안군_202204 ? nlsp_031001010,C:/Users/yttn0/Desktop/drug/고령 데이터_250M/(B100)국토통계_인구정보-고령 인구 수(전체)-(격자) 250M_전라남도 신안군_202204|layername=nlsp_031001010
"4","67","67",구영약국,전라남도 신안군 암태면 중부로 1820-4,061-271-4287,126.1145745,34.8289262,08:00~20:00,08:00~20:00,08:00~20:00,08:00~20:00,08:00~20:00,08:00~13:00,"-","-","2","1","1",1000,"32097",나라74aa49bb,,,(B100)국토통계_인구정보-고령 인구 수(전체)-(격자) 250M_전라남도 신안군_202204 ? nlsp_031001010,C:/Users/yttn0/Desktop/drug/고령 데이터_250M/(B100)국토통계_인구정보-고령 인구 수(전체)-(격자) 250M_전라남도 신안군_202204|layername=nlsp_031001010
"18","393","393",세명약국,"전라남도 신안군 비금면 송치길 155-19,",061-275-7588,125.9327628,34.7212122,08:00~21:00,08:00~21:00,08:00~21:00,08:00~21:00,08:00~21:00,08:00~17:00,"-","-","0","1","1",1000,"25388",나라55ab37ab,,,(B100)국토통계_인구정보-고령 인구 수(전체)-(격자) 250M_전라남도 신안군_202204 ? nlsp_031001010,C:/Users/yttn0/Desktop/drug/고령 데이터_250M/(B100)국토통계_인구정보-고령 인구 수(전체)-(격자) 250M_전라남도 신안군_202204|layername=nlsp_031001010
"18","393","393",세명약국,"전라남도 신안군 비금면 송치길 155-19,",061-275-7588,125.9327628,34.7212122,08:00~21:00,08:00~21:00,08:00~21:00,08:00~21:00,08:00~21:00,08:00~17:00,"-","-","0","1","1",1000,"25440",나라55ba36bb,,,(B100)국토통계_인구정보-고령 인구 수(전체)-(격자) 250M_전라남도 신안군_202204 ? nlsp_031001010,C:/Users/yttn0/Desktop/drug/고령 데이터_250M/(B100)국토통계_인구정보-고령 인구 수(전체)-(격자) 250M_전라남도 신안군_202204|layername=nlsp_031001010
"18","393","393",세명약국,"전라남도 신안군 비금면 송치길 155-19,",061-275-7588,125.9327628,34.7212122,08:00~21:00,08:00~21:00,08:00~21:00,08:00~21:00,08:00~21:00,08:00~17:00,"-","-","0","1","1",1000,"25441",나라55ba37aa,N/A,0,(B100)국토통계_인구정보-고령 인구 수(전체)-(격자) 250M_전라남도 신안군_202204 ? nlsp_031001010,C:/Users/yttn0/Desktop/drug/고령 데이터_250M/(B100)국토통계_인구정보-고령 인구 수(전체)-(격자) 250M_전라남도 신안군_202204|layername=nlsp_031001010
"18","393","393",세명약국,"전라남도 신안군 비금면 송치길 155-19,",061-275-7588,125.9327628,34.7212122,08:00~21:00,08:00~21:00,08:00~21:00,08:00~21:00,08:00~21:00,08:00~17:00,"-","-","0","1","1",1000,"25442",나라55ba37ab,,,(B100)국토통계_인구정보-고령 인구 수(전체)-(격자) 250M_전라남도 신안군_202204 ? nlsp_031001010,C:/Users/yttn0/Desktop/drug/고령 데이터_250M/(B100)국토통계_인구정보-고령 인구 수(전체)-(격자) 250M_전라남도 신안군_202204|layername=nlsp_031001010
"18","393","393",세명약국,"전라남도 신안군 비금면 송치길 155-19,",061-275-7588,125.9327628,34.7212122,08:00~21:00,08:00~21:00,08:00~21:00,08:00~21:00,08:00~21:00,08:00~17:00,"-","-","0","1","1",1000,"25443",나라55ba37ba,,,(B100)국토통계_인구정보-고령 인구 수(전체)-(격자) 250M_전라남도 신안군_202204 ? nlsp_031001010,C:/Users/yttn0/Desktop/drug/고령 데이터_250M/(B100)국토통계_인구정보-고령 인구 수(전체)-(격자) 250M_전라남도 신안군_202204|layername=nlsp_031001010
"18","393","393",세명약국,"전라남도 신안군 비금면 송치길 155-19,",061-275-7588,125.9327628,34.7212122,08:00~21:00,08:00~21:00,08:00~21:00,08:00~21:00,08:00~21:00,08:00~17:00,"-","-","0","1","1",1000,"25444",나라55ba37bb,,,(B100)국토통계_인구정보-고령 인구 수(전체)-(격자) 250M_전라남도 신안군_202204 ? nlsp_031001010,C:/Users/yttn0/Desktop/drug/고령 데이터_250M/(B100)국토통계_인구정보-고령 인구 수(전체)-(격자) 250M_전라남도 신안군_202204|layername=nlsp_031001010
"18","393","393",세명약국,"전라남도 신안군 비금면 송치길 155-19,",061-275-7588,125.9327628,34.7212122,08:00~21:00,08:00~21:00,08:00~21:00,08:00~21:00,08:00~21:00,08:00~17:00,"-","-","0","1","1",1000,"25445",나라55ba38aa,,,(B100)국토통계_인구정보-고령 인구 수(전체)-(격자) 250M_전라남도 신안군_202204 ? nlsp_031001010,C:/Users/yttn0/Desktop/drug/고령 데이터_250M/(B100)국토통계_인구정보-고령 인구 수(전체)-(격자) 250M_전라남도 신안군_202204|layername=nlsp_031001010
"18","393","393",세명약국,"전라남도 신안군 비금면 송치길 155-19,",061-275-7588,125.9327628,34.7212122,08:00~21:00,08:00~21:00,08:00~21:00,08:00~21:00,08:00~21:00,08:00~17:00,"-","-","0","1","1",1000,"25496",나라55bb37aa,,,(B100)국토통계_인구정보-고령 인구 수(전체)-(격자) 250M_전라남도 신안군_202204 ? nlsp_031001010,C:/Users/yttn0/Desktop/drug/고령 데이터_250M/(B100)국토통계_인구정보-고령 인구 수(전체)-(격자) 250M_전라남도 신안군_202204|layername=nlsp_031001010
"18","393","393",세명약국,"전라남도 신안군 비금면 송치길 155-19,",061-275-7588,125.9327628,34.7212122,08:00~21:00,08:00~21:00,08:00~21:00,08:00~21:00,08:00~21:00,08:00~17:00,"-","-","0","1","1",1000,"25497",나라55bb37ab,N/A,0,(B100)국토통계_인구정보-고령 인구 수(전체)-(격자) 250M_전라남도 신안군_202204 ? nlsp_031001010,C:/Users/yttn0/Desktop/drug/고령 데이터_250M/(B100)국토통계_인구정보-고령 인구 수(전체)-(격자) 250M_전라남도 신안군_202204|layername=nlsp_031001010
"18","393","393",세명약국,"전라남도 신안군 비금면 송치길 155-19,",061-275-7588,125.9327628,34.7212122,08:00~21:00,08:00~21:00,08:00~21:00,08:00~21:00,08:00~21:00,08:00~17:00,"-","-","0","1","1",1000,"25498",나라55bb37ba,,,(B100)국토통계_인구정보-고령 인구 수(전체)-(격자) 250M_전라남도 신안군_202204 ? nlsp_031001010,C:/Users/yttn0/Desktop/drug/고령 데이터_250M/(B100)국토통계_인구정보-고령 인구 수(전체)-(격자) 250M_전라남도 신안군_202204|layername=nlsp_031001010
"18","393","393",세명약국,"전라남도 신안군 비금면 송치길 155-19,",061-275-7588,125.9327628,34.7212122,08:00~21:00,08:00~21:00,08:00~21:00,08:00~21:00,08:00~21:00,08:00~17:00,"-","-","0","1","1",1000,"25499",나라55bb37bb,"9.00",9,(B100)국토통계_인구정보-고령 인구 수(전체)-(격자) 250M_전라남도 신안군_202204 ? nlsp_031001010,C:/Users/yttn0/Desktop/drug/고령 데이터_250M/(B100)국토통계_인구정보-고령 인구 수(전체)-(격자) 250M_전라남도 신안군_202204|layername=nlsp_031001010
"18","393","393",세명약국,"전라남도 신안군 비금면 송치길 155-19,",061-275-7588,125.9327628,34.7212122,08:00~21:00,08:00~21:00,08:00~21:00,08:00~21:00,08:00~21:00,08:00~17:00,"-","-","0","1","1",1000,"25500",나라55bb38aa,N/A,0,(B100)국토통계_인구정보-고령 인구 수(전체)-(격자) 250M_전라남도 신안군_202204 ? nlsp_031001010,C:/Users/yttn0/Desktop/drug/고령 데이터_250M/(B100)국토통계_인구정보-고령 인구 수(전체)-(격자) 250M_전라남도 신안군_202204|layername=nlsp_031001010
"18","393","393",세명약국,"전라남도 신안군 비금면 송치길 155-19,",061-275-7588,125.9327628,34.7212122,08:00~21:00,08:00~21:00,08:00~21:00,08:00~21:00,08:00~21:00,08:00~17:00,"-","-","0","1","1",1000,"25501",나라55bb38ab,,,(B100)국토통계_인구정보-고령 인구 수(전체)-(격자) 250M_전라남도 신안군_202204 ? nlsp_031001010,C:/Users/yttn0/Desktop/drug/고령 데이터_250M/(B100)국토통계_인구정보-고령 인구 수(전체)-(격자) 250M_전라남도 신안군_202204|layername=nlsp_031001010
"18","393","393",세명약국,"전라남도 신안군 비금면 송치길 155-19,",061-275-7588,125.9327628,34.7212122,08:00~21:00,08:00~21:00,08:00~21:00,08:00~21:00,08:00~21:00,08:00~17:00,"-","-","0","1","1",1000,"25544",나라56aa36ab,N/A,0,(B100)국토통계_인구정보-고령 인구 수(전체)-(격자) 250M_전라남도 신안군_202204 ? nlsp_031001010,C:/Users/yttn0/Desktop/drug/고령 데이터_250M/(B100)국토통계_인구정보-고령 인구 수(전체)-(격자) 250M_전라남도 신안군_202204|layername=nlsp_031001010
"18","393","393",세명약국,"전라남도 신안군 비금면 송치길 155-19,",061-275-7588,125.9327628,34.7212122,08:00~21:00,08:00~21:00,08:00~21:00,08:00~21:00,08:00~21:00,08:00~17:00,"-","-","0","1","1",1000,"25545",나라56aa36ba,,,(B100)국토통계_인구정보-고령 인구 수(전체)-(격자) 250M_전라남도 신안군_202204 ? nlsp_031001010,C:/Users/yttn0/Desktop/drug/고령 데이터_250M/(B100)국토통계_인구정보-고령 인구 수(전체)-(격자) 250M_전라남도 신안군_202204|layername=nlsp_031001010
"18","393","393",세명약국,"전라남도 신안군 비금면 송치길 155-19,",061-275-7588,125.9327628,34.7212122,08:00~21:00,08:00~21:00,08:00~21:00,08:00~21:00,08:00~21:00,08:00~17:00,"-","-","0","1","1",1000,"25546",나라56aa37ab,,,(B100)국토통계_인구정보-고령 인구 수(전체)-(격자) 250M_전라남도 신안군_202204 ? nlsp_031001010,C:/Users/yttn0/Desktop/drug/고령 데이터_250M/(B100)국토통계_인구정보-고령 인구 수(전체)-(격자) 250M_전라남도 신안군_202204|layername=nlsp_031001010
"18","393","393",세명약국,"전라남도 신안군 비금면 송치길 155-19,",061-275-7588,125.9327628,34.7212122,08:00~21:00,08:00~21:00,08:00~21:00,08:00~21:00,08:00~21:00,08:00~17:00,"-","-","0","1","1",1000,"25547",나라56aa37ba,N/A,0,(B100)국토통계_인구정보-고령 인구 수(전체)-(격자) 250M_전라남도 신안군_202204 ? nlsp_031001010,C:/Users/yttn0/Desktop/drug/고령 데이터_250M/(B100)국토통계_인구정보-고령 인구 수(전체)-(격자) 250M_전라남도 신안군_202204|layername=nlsp_031001010
"18","393","393",세명약국,"전라남도 신안군 비금면 송치길 155-19,",061-275-7588,125.9327628,34.7212122,08:00~21:00,08:00~21:00,08:00~21:00,08:00~21:00,08:00~21:00,08:00~17:00,"-","-","0","1","1",1000,"25548",나라56aa37bb,"10.00",10,(B100)국토통계_인구정보-고령 인구 수(전체)-(격자) 250M_전라남도 신안군_202204 ? nlsp_031001010,C:/Users/yttn0/Desktop/drug/고령 데이터_250M/(B100)국토통계_인구정보-고령 인구 수(전체)-(격자) 250M_전라남도 신안군_202204|layername=nlsp_031001010
"18","393","393",세명약국,"전라남도 신안군 비금면 송치길 155-19,",061-275-7588,125.9327628,34.7212122,08:00~21:00,08:00~21:00,08:00~21:00,08:00~21:00,08:00~21:00,08:00~17:00,"-","-","0","1","1",1000,"25549",나라56aa38aa,,,(B100)국토통계_인구정보-고령 인구 수(전체)-(격자) 250M_전라남도 신안군_202204 ? nlsp_031001010,C:/Users/yttn0/Desktop/drug/고령 데이터_250M/(B100)국토통계_인구정보-고령 인구 수(전체)-(격자) 250M_전라남도 신안군_202204|layername=nlsp_031001010
"18","393","393",세명약국,"전라남도 신안군 비금면 송치길 155-19,",061-275-7588,125.9327628,34.7212122,08:00~21:00,08:00~21:00,08:00~21:00,08:00~21:00,08:00~21:00,08:00~17:00,"-","-","0","1","1",1000,"25550",나라56aa38ab,,,(B100)국토통계_인구정보-고령 인구 수(전체)-(격자) 250M_전라남도 신안군_202204 ? nlsp_031001010,C:/Users/yttn0/Desktop/drug/고령 데이터_250M/(B100)국토통계_인구정보-고령 인구 수(전체)-(격자) 250M_전라남도 신안군_202204|layername=nlsp_031001010
"18","393","393",세명약국,"전라남도 신안군 비금면 송치길 155-19,",061-275-7588,125.9327628,34.7212122,08:00~21:00,08:00~21:00,08:00~21:00,08:00~21:00,08:00~21:00,08:00~17:00,"-","-","0","1","1",1000,"25598",나라56ab36ab,,,(B100)국토통계_인구정보-고령 인구 수(전체)-(격자) 250M_전라남도 신안군_202204 ? nlsp_031001010,C:/Users/yttn0/Desktop/drug/고령 데이터_250M/(B100)국토통계_인구정보-고령 인구 수(전체)-(격자) 250M_전라남도 신안군_202204|layername=nlsp_031001010
"18","393","393",세명약국,"전라남도 신안군 비금면 송치길 155-19,",061-275-7588,125.9327628,34.7212122,08:00~21:00,08:00~21:00,08:00~21:00,08:00~21:00,08:00~21:00,08:00~17:00,"-","-","0","1","1",1000,"25599",나라56ab36ba,N/A,0,(B100)국토통계_인구정보-고령 인구 수(전체)-(격자) 250M_전라남도 신안군_202204 ? nlsp_031001010,C:/Users/yttn0/Desktop/drug/고령 데이터_250M/(B100)국토통계_인구정보-고령 인구 수(전체)-(격자) 250M_전라남도 신안군_202204|layername=nlsp_031001010
"18","393","393",세명약국,"전라남도 신안군 비금면 송치길 155-19,",061-275-7588,125.9327628,34.7212122,08:00~21:00,08:00~21:00,08:00~21:00,08:00~21:00,08:00~21:00,08:00~17:00,"-","-","0","1","1",1000,"25600",나라56ab36bb,,,(B100)국토통계_인구정보-고령 인구 수(전체)-(격자) 250M_전라남도 신안군_202204 ? nlsp_031001010,C:/Users/yttn0/Desktop/drug/고령 데이터_250M/(B100)국토통계_인구정보-고령 인구 수(전체)-(격자) 250M_전라남도 신안군_202204|layername=nlsp_031001010
"18","393","393",세명약국,"전라남도 신안군 비금면 송치길 155-19,",061-275-7588,125.9327628,34.7212122,08:00~21:00,08:00~21:00,08:00~21:00,08:00~21:00,08:00~21:00,08:00~17:00,"-","-","0","1","1",1000,"25601",나라56ab37ab,"10.00",10,(B100)국토통계_인구정보-고령 인구 수(전체)-(격자) 250M_전라남도 신안군_202204 ? nlsp_031001010,C:/Users/yttn0/Desktop/drug/고령 데이터_250M/(B100)국토통계_인구정보-고령 인구 수(전체)-(격자) 250M_전라남도 신안군_202204|layername=nlsp_031001010
"18","393","393",세명약국,"전라남도 신안군 비금면 송치길 155-19,",061-275-7588,125.9327628,34.7212122,08:00~21:00,08:00~21:00,08:00~21:00,08:00~21:00,08:00~21:00,08:00~17:00,"-","-","0","1","1",1000,"25602",나라56ab37ba,"8.00",8,(B100)국토통계_인구정보-고령 인구 수(전체)-(격자) 250M_전라남도 신안군_202204 ? nlsp_031001010,C:/Users/yttn0/Desktop/drug/고령 데이터_250M/(B100)국토통계_인구정보-고령 인구 수(전체)-(격자) 250M_전라남도 신안군_202204|layername=nlsp_031001010
"18","393","393",세명약국,"전라남도 신안군 비금면 송치길 155-19,",061-275-7588,125.9327628,34.7212122,08:00~21:00,08:00~21:00,08:00~21:00,08:00~21:00,08:00~21:00,08:00~17:00,"-","-","0","1","1",1000,"25603",나라56ab37bb,N/A,0,(B100)국토통계_인구정보-고령 인구 수(전체)-(격자) 250M_전라남도 신안군_202204 ? nlsp_031001010,C:/Users/yttn0/Desktop/drug/고령 데이터_250M/(B100)국토통계_인구정보-고령 인구 수(전체)-(격자) 250M_전라남도 신안군_202204|layername=nlsp_031001010
"18","393","393",세명약국,"전라남도 신안군 비금면 송치길 155-19,",061-275-7588,125.9327628,34.7212122,08:00~21:00,08:00~21:00,08:00~21:00,08:00~21:00,08:00~21:00,08:00~17:00,"-","-","0","1","1",1000,"25604",나라56ab38aa,,,(B100)국토통계_인구정보-고령 인구 수(전체)-(격자) 250M_전라남도 신안군_202204 ? nlsp_031001010,C:/Users/yttn0/Desktop/drug/고령 데이터_250M/(B100)국토통계_인구정보-고령 인구 수(전체)-(격자) 250M_전라남도 신안군_202204|layername=nlsp_031001010
"18","393","393",세명약국,"전라남도 신안군 비금면 송치길 155-19,",061-275-7588,125.9327628,34.7212122,08:00~21:00,08:00~21:00,08:00~21:00,08:00~21:00,08:00~21:00,08:00~17:00,"-","-","0","1","1",1000,"25605",나라56ab38ab,,,(B100)국토통계_인구정보-고령 인구 수(전체)-(격자) 250M_전라남도 신안군_202204 ? nlsp_031001010,C:/Users/yttn0/Desktop/drug/고령 데이터_250M/(B100)국토통계_인구정보-고령 인구 수(전체)-(격자) 250M_전라남도 신안군_202204|layername=nlsp_031001010
"18","393","393",세명약국,"전라남도 신안군 비금면 송치길 155-19,",061-275-7588,125.9327628,34.7212122,08:00~21:00,08:00~21:00,08:00~21:00,08:00~21:00,08:00~21:00,08:00~17:00,"-","-","0","1","1",1000,"25653",나라56ba36ab,"25.00",25,(B100)국토통계_인구정보-고령 인구 수(전체)-(격자) 250M_전라남도 신안군_202204 ? nlsp_031001010,C:/Users/yttn0/Desktop/drug/고령 데이터_250M/(B100)국토통계_인구정보-고령 인구 수(전체)-(격자) 250M_전라남도 신안군_202204|layername=nlsp_031001010
"18","393","393",세명약국,"전라남도 신안군 비금면 송치길 155-19,",061-275-7588,125.9327628,34.7212122,08:00~21:00,08:00~21:00,08:00~21:00,08:00~21:00,08:00~21:00,08:00~17:00,"-","-","0","1","1",1000,"25654",나라56ba36ba,"15.00",15,(B100)국토통계_인구정보-고령 인구 수(전체)-(격자) 250M_전라남도 신안군_202204 ? nlsp_031001010,C:/Users/yttn0/Desktop/drug/고령 데이터_250M/(B100)국토통계_인구정보-고령 인구 수(전체)-(격자) 250M_전라남도 신안군_202204|layername=nlsp_031001010
"18","393","393",세명약국,"전라남도 신안군 비금면 송치길 155-19,",061-275-7588,125.9327628,34.7212122,08:00~21:00,08:00~21:00,08:00~21:00,08:00~21:00,08:00~21:00,08:00~17:00,"-","-","0","1","1",1000,"25655",나라56ba36bb,,,(B100)국토통계_인구정보-고령 인구 수(전체)-(격자) 250M_전라남도 신안군_202204 ? nlsp_031001010,C:/Users/yttn0/Desktop/drug/고령 데이터_250M/(B100)국토통계_인구정보-고령 인구 수(전체)-(격자) 250M_전라남도 신안군_202204|layername=nlsp_031001010
"18","393","393",세명약국,"전라남도 신안군 비금면 송치길 155-19,",061-275-7588,125.9327628,34.7212122,08:00~21:00,08:00~21:00,08:00~21:00,08:00~21:00,08:00~21:00,08:00~17:00,"-","-","0","1","1",1000,"25656",나라56ba37ab,"29.00",29,(B100)국토통계_인구정보-고령 인구 수(전체)-(격자) 250M_전라남도 신안군_202204 ? nlsp_031001010,C:/Users/yttn0/Desktop/drug/고령 데이터_250M/(B100)국토통계_인구정보-고령 인구 수(전체)-(격자) 250M_전라남도 신안군_202204|layername=nlsp_031001010
"18","393","393",세명약국,"전라남도 신안군 비금면 송치길 155-19,",061-275-7588,125.9327628,34.7212122,08:00~21:00,08:00~21:00,08:00~21:00,08:00~21:00,08:00~21:00,08:00~17:00,"-","-","0","1","1",1000,"25657",나라56ba37ba,,,(B100)국토통계_인구정보-고령 인구 수(전체)-(격자) 250M_전라남도 신안군_202204 ? nlsp_031001010,C:/Users/yttn0/Desktop/drug/고령 데이터_250M/(B100)국토통계_인구정보-고령 인구 수(전체)-(격자) 250M_전라남도 신안군_202204|layername=nlsp_031001010
"18","393","393",세명약국,"전라남도 신안군 비금면 송치길 155-19,",061-275-7588,125.9327628,34.7212122,08:00~21:00,08:00~21:00,08:00~21:00,08:00~21:00,08:00~21:00,08:00~17:00,"-","-","0","1","1",1000,"25658",나라56ba37bb,,,(B100)국토통계_인구정보-고령 인구 수(전체)-(격자) 250M_전라남도 신안군_202204 ? nlsp_031001010,C:/Users/yttn0/Desktop/drug/고령 데이터_250M/(B100)국토통계_인구정보-고령 인구 수(전체)-(격자) 250M_전라남도 신안군_202204|layername=nlsp_031001010
"18","393","393",세명약국,"전라남도 신안군 비금면 송치길 155-19,",061-275-7588,125.9327628,34.7212122,08:00~21:00,08:00~21:00,08:00~21:00,08:00~21:00,08:00~21:00,08:00~17:00,"-","-","0","1","1",1000,"25659",나라56ba38aa,,,(B100)국토통계_인구정보-고령 인구 수(전체)-(격자) 250M_전라남도 신안군_202204 ? nlsp_031001010,C:/Users/yttn0/Desktop/drug/고령 데이터_250M/(B100)국토통계_인구정보-고령 인구 수(전체)-(격자) 250M_전라남도 신안군_202204|layername=nlsp_031001010
"18","393","393",세명약국,"전라남도 신안군 비금면 송치길 155-19,",061-275-7588,125.9327628,34.7212122,08:00~21:00,08:00~21:00,08:00~21:00,08:00~21:00,08:00~21:00,08:00~17:00,"-","-","0","1","1",1000,"25660",나라56ba38ab,N/A,0,(B100)국토통계_인구정보-고령 인구 수(전체)-(격자) 250M_전라남도 신안군_202204 ? nlsp_031001010,C:/Users/yttn0/Desktop/drug/고령 데이터_250M/(B100)국토통계_인구정보-고령 인구 수(전체)-(격자) 250M_전라남도 신안군_202204|layername=nlsp_031001010
"18","393","393",세명약국,"전라남도 신안군 비금면 송치길 155-19,",061-275-7588,125.9327628,34.7212122,08:00~21:00,08:00~21:00,08:00~21:00,08:00~21:00,08:00~21:00,08:00~17:00,"-","-","0","1","1",1000,"25704",나라56bb36ab,N/A,0,(B100)국토통계_인구정보-고령 인구 수(전체)-(격자) 250M_전라남도 신안군_202204 ? nlsp_031001010,C:/Users/yttn0/Desktop/drug/고령 데이터_250M/(B100)국토통계_인구정보-고령 인구 수(전체)-(격자) 250M_전라남도 신안군_202204|layername=nlsp_031001010
"18","393","393",세명약국,"전라남도 신안군 비금면 송치길 155-19,",061-275-7588,125.9327628,34.7212122,08:00~21:00,08:00~21:00,08:00~21:00,08:00~21:00,08:00~21:00,08:00~17:00,"-","-","0","1","1",1000,"25705",나라56bb36ba,"32.00",32,(B100)국토통계_인구정보-고령 인구 수(전체)-(격자) 250M_전라남도 신안군_202204 ? nlsp_031001010,C:/Users/yttn0/Desktop/drug/고령 데이터_250M/(B100)국토통계_인구정보-고령 인구 수(전체)-(격자) 250M_전라남도 신안군_202204|layername=nlsp_031001010
"18","393","393",세명약국,"전라남도 신안군 비금면 송치길 155-19,",061-275-7588,125.9327628,34.7212122,08:00~21:00,08:00~21:00,08:00~21:00,08:00~21:00,08:00~21:00,08:00~17:00,"-","-","0","1","1",1000,"25706",나라56bb36bb,"20.00",20,(B100)국토통계_인구정보-고령 인구 수(전체)-(격자) 250M_전라남도 신안군_202204 ? nlsp_031001010,C:/Users/yttn0/Desktop/drug/고령 데이터_250M/(B100)국토통계_인구정보-고령 인구 수(전체)-(격자) 250M_전라남도 신안군_202204|layername=nlsp_031001010
"18","393","393",세명약국,"전라남도 신안군 비금면 송치길 155-19,",061-275-7588,125.9327628,34.7212122,08:00~21:00,08:00~21:00,08:00~21:00,08:00~21:00,08:00~21:00,08:00~17:00,"-","-","0","1","1",1000,"25707",나라56bb37ab,N/A,0,(B100)국토통계_인구정보-고령 인구 수(전체)-(격자) 250M_전라남도 신안군_202204 ? nlsp_031001010,C:/Users/yttn0/Desktop/drug/고령 데이터_250M/(B100)국토통계_인구정보-고령 인구 수(전체)-(격자) 250M_전라남도 신안군_202204|layername=nlsp_031001010
"18","393","393",세명약국,"전라남도 신안군 비금면 송치길 155-19,",061-275-7588,125.9327628,34.7212122,08:00~21:00,08:00~21:00,08:00~21:00,08:00~21:00,08:00~21:00,08:00~17:00,"-","-","0","1","1",1000,"25708",나라56bb37ba,,,(B100)국토통계_인구정보-고령 인구 수(전체)-(격자) 250M_전라남도 신안군_202204 ? nlsp_031001010,C:/Users/yttn0/Desktop/drug/고령 데이터_250M/(B100)국토통계_인구정보-고령 인구 수(전체)-(격자) 250M_전라남도 신안군_202204|layername=nlsp_031001010
"18","393","393",세명약국,"전라남도 신안군 비금면 송치길 155-19,",061-275-7588,125.9327628,34.7212122,08:00~21:00,08:00~21:00,08:00~21:00,08:00~21:00,08:00~21:00,08:00~17:00,"-","-","0","1","1",1000,"25709",나라56bb37bb,,,(B100)국토통계_인구정보-고령 인구 수(전체)-(격자) 250M_전라남도 신안군_202204 ? nlsp_031001010,C:/Users/yttn0/Desktop/drug/고령 데이터_250M/(B100)국토통계_인구정보-고령 인구 수(전체)-(격자) 250M_전라남도 신안군_202204|layername=nlsp_031001010
"18","393","393",세명약국,"전라남도 신안군 비금면 송치길 155-19,",061-275-7588,125.9327628,34.7212122,08:00~21:00,08:00~21:00,08:00~21:00,08:00~21:00,08:00~21:00,08:00~17:00,"-","-","0","1","1",1000,"25710",나라56bb38aa,N/A,0,(B100)국토통계_인구정보-고령 인구 수(전체)-(격자) 250M_전라남도 신안군_202204 ? nlsp_031001010,C:/Users/yttn0/Desktop/drug/고령 데이터_250M/(B100)국토통계_인구정보-고령 인구 수(전체)-(격자) 250M_전라남도 신안군_202204|layername=nlsp_031001010
"18","393","393",세명약국,"전라남도 신안군 비금면 송치길 155-19,",061-275-7588,125.9327628,34.7212122,08:00~21:00,08:00~21:00,08:00~21:00,08:00~21:00,08:00~21:00,08:00~17:00,"-","-","0","1","1",1000,"25711",나라56bb38ab,,,(B100)국토통계_인구정보-고령 인구 수(전체)-(격자) 250M_전라남도 신안군_202204 ? nlsp_031001010,C:/Users/yttn0/Desktop/drug/고령 데이터_250M/(B100)국토통계_인구정보-고령 인구 수(전체)-(격자) 250M_전라남도 신안군_202204|layername=nlsp_031001010
"18","393","393",세명약국,"전라남도 신안군 비금면 송치길 155-19,",061-275-7588,125.9327628,34.7212122,08:00~21:00,08:00~21:00,08:00~21:00,08:00~21:00,08:00~21:00,08:00~17:00,"-","-","0","1","1",1000,"25762",나라57aa36ba,,,(B100)국토통계_인구정보-고령 인구 수(전체)-(격자) 250M_전라남도 신안군_202204 ? nlsp_031001010,C:/Users/yttn0/Desktop/drug/고령 데이터_250M/(B100)국토통계_인구정보-고령 인구 수(전체)-(격자) 250M_전라남도 신안군_202204|layername=nlsp_031001010
"18","393","393",세명약국,"전라남도 신안군 비금면 송치길 155-19,",061-275-7588,125.9327628,34.7212122,08:00~21:00,08:00~21:00,08:00~21:00,08:00~21:00,08:00~21:00,08:00~17:00,"-","-","0","1","1",1000,"25763",나라57aa37ab,N/A,0,(B100)국토통계_인구정보-고령 인구 수(전체)-(격자) 250M_전라남도 신안군_202204 ? nlsp_031001010,C:/Users/yttn0/Desktop/drug/고령 데이터_250M/(B100)국토통계_인구정보-고령 인구 수(전체)-(격자) 250M_전라남도 신안군_202204|layername=nlsp_031001010
"18","393","393",세명약국,"전라남도 신안군 비금면 송치길 155-19,",061-275-7588,125.9327628,34.7212122,08:00~21:00,08:00~21:00,08:00~21:00,08:00~21:00,08:00~21:00,08:00~17:00,"-","-","0","1","1",1000,"25764",나라57aa37ba,N/A,0,(B100)국토통계_인구정보-고령 인구 수(전체)-(격자) 250M_전라남도 신안군_202204 ? nlsp_031001010,C:/Users/yttn0/Desktop/drug/고령 데이터_250M/(B100)국토통계_인구정보-고령 인구 수(전체)-(격자) 250M_전라남도 신안군_202204|layername=nlsp_031001010
"18","393","393",세명약국,"전라남도 신안군 비금면 송치길 155-19,",061-275-7588,125.9327628,34.7212122,08:00~21:00,08:00~21:00,08:00~21:00,08:00~21:00,08:00~21:00,08:00~17:00,"-","-","0","1","1",1000,"25765",나라57aa37bb,"6.00",6,(B100)국토통계_인구정보-고령 인구 수(전체)-(격자) 250M_전라남도 신안군_202204 ? nlsp_031001010,C:/Users/yttn0/Desktop/drug/고령 데이터_250M/(B100)국토통계_인구정보-고령 인구 수(전체)-(격자) 250M_전라남도 신안군_202204|layername=nlsp_031001010
"18","393","393",세명약국,"전라남도 신안군 비금면 송치길 155-19,",061-275-7588,125.9327628,34.7212122,08:00~21:00,08:00~21:00,08:00~21:00,08:00~21:00,08:00~21:00,08:00~17:00,"-","-","0","1","1",1000,"25766",나라57aa38aa,,,(B100)국토통계_인구정보-고령 인구 수(전체)-(격자) 250M_전라남도 신안군_202204 ? nlsp_031001010,C:/Users/yttn0/Desktop/drug/고령 데이터_250M/(B100)국토통계_인구정보-고령 인구 수(전체)-(격자) 250M_전라남도 신안군_202204|layername=nlsp_031001010
"18","393","393",세명약국,"전라남도 신안군 비금면 송치길 155-19,",061-275-7588,125.9327628,34.7212122,08:00~21:00,08:00~21:00,08:00~21:00,08:00~21:00,08:00~21:00,08:00~17:00,"-","-","0","1","1",1000,"25767",나라57aa38ab,,,(B100)국토통계_인구정보-고령 인구 수(전체)-(격자) 250M_전라남도 신안군_202204 ? nlsp_031001010,C:/Users/yttn0/Desktop/drug/고령 데이터_250M/(B100)국토통계_인구정보-고령 인구 수(전체)-(격자) 250M_전라남도 신안군_202204|layername=nlsp_031001010
"18","393","393",세명약국,"전라남도 신안군 비금면 송치길 155-19,",061-275-7588,125.9327628,34.7212122,08:00~21:00,08:00~21:00,08:00~21:00,08:00~21:00,08:00~21:00,08:00~17:00,"-","-","0","1","1",1000,"25817",나라57ab37bb,,,(B100)국토통계_인구정보-고령 인구 수(전체)-(격자) 250M_전라남도 신안군_202204 ? nlsp_031001010,C:/Users/yttn0/Desktop/drug/고령 데이터_250M/(B100)국토통계_인구정보-고령 인구 수(전체)-(격자) 250M_전라남도 신안군_202204|layername=nlsp_031001010
"18","393","393",세명약국,"전라남도 신안군 비금면 송치길 155-19,",061-275-7588,125.9327628,34.7212122,08:00~21:00,08:00~21:00,08:00~21:00,08:00~21:00,08:00~21:00,08:00~17:00,"-","-","0","1","1",1000,"25818",나라57ab38aa,,,(B100)국토통계_인구정보-고령 인구 수(전체)-(격자) 250M_전라남도 신안군_202204 ? nlsp_031001010,C:/Users/yttn0/Desktop/drug/고령 데이터_250M/(B100)국토통계_인구정보-고령 인구 수(전체)-(격자) 250M_전라남도 신안군_202204|layername=nlsp_031001010
"27","594","594",유한약국,"전라남도 신안군 임자면 임자로 146,",061-275-8288,126.1071864,35.0864667,08:00~18:00,08:00~18:00,08:00~18:00,08:00~18:00,08:00~18:00,08:00~13:00,"-","-","1","1","1",1000,"31118",나라72aa77aa,"16.00",16,(B100)국토통계_인구정보-고령 인구 수(전체)-(격자) 250M_전라남도 신안군_202204 ? nlsp_031001010,C:/Users/yttn0/Desktop/drug/고령 데이터_250M/(B100)국토통계_인구정보-고령 인구 수(전체)-(격자) 250M_전라남도 신안군_202204|layername=nlsp_031001010
"27","594","594",유한약국,"전라남도 신안군 임자면 임자로 146,",061-275-8288,126.1071864,35.0864667,08:00~18:00,08:00~18:00,08:00~18:00,08:00~18:00,08:00~18:00,08:00~13:00,"-","-","1","1","1",1000,"31119",나라72aa77ab,N/A,0,(B100)국토통계_인구정보-고령 인구 수(전체)-(격자) 250M_전라남도 신안군_202204 ? nlsp_031001010,C:/Users/yttn0/Desktop/drug/고령 데이터_250M/(B100)국토통계_인구정보-고령 인구 수(전체)-(격자) 250M_전라남도 신안군_202204|layername=nlsp_031001010
"27","594","594",유한약국,"전라남도 신안군 임자면 임자로 146,",061-275-8288,126.1071864,35.0864667,08:00~18:00,08:00~18:00,08:00~18:00,08:00~18:00,08:00~18:00,08:00~13:00,"-","-","1","1","1",1000,"31120",나라72aa77ba,,,(B100)국토통계_인구정보-고령 인구 수(전체)-(격자) 250M_전라남도 신안군_202204 ? nlsp_031001010,C:/Users/yttn0/Desktop/drug/고령 데이터_250M/(B100)국토통계_인구정보-고령 인구 수(전체)-(격자) 250M_전라남도 신안군_202204|layername=nlsp_031001010
"27","594","594",유한약국,"전라남도 신안군 임자면 임자로 146,",061-275-8288,126.1071864,35.0864667,08:00~18:00,08:00~18:00,08:00~18:00,08:00~18:00,08:00~18:00,08:00~13:00,"-","-","1","1","1",1000,"31121",나라72aa77bb,,,(B100)국토통계_인구정보-고령 인구 수(전체)-(격자) 250M_전라남도 신안군_202204 ? nlsp_031001010,C:/Users/yttn0/Desktop/drug/고령 데이터_250M/(B100)국토통계_인구정보-고령 인구 수(전체)-(격자) 250M_전라남도 신안군_202204|layername=nlsp_031001010
"27","594","594",유한약국,"전라남도 신안군 임자면 임자로 146,",061-275-8288,126.1071864,35.0864667,08:00~18:00,08:00~18:00,08:00~18:00,08:00~18:00,08:00~18:00,08:00~13:00,"-","-","1","1","1",1000,"31122",나라72aa78aa,N/A,0,(B100)국토통계_인구정보-고령 인구 수(전체)-(격자) 250M_전라남도 신안군_202204 ? nlsp_031001010,C:/Users/yttn0/Desktop/drug/고령 데이터_250M/(B100)국토통계_인구정보-고령 인구 수(전체)-(격자) 250M_전라남도 신안군_202204|layername=nlsp_031001010
"27","594","594",유한약국,"전라남도 신안군 임자면 임자로 146,",061-275-8288,126.1071864,35.0864667,08:00~18:00,08:00~18:00,08:00~18:00,08:00~18:00,08:00~18:00,08:00~13:00,"-","-","1","1","1",1000,"31123",나라72aa78ab,N/A,0,(B100)국토통계_인구정보-고령 인구 수(전체)-(격자) 250M_전라남도 신안군_202204 ? nlsp_031001010,C:/Users/yttn0/Desktop/drug/고령 데이터_250M/(B100)국토통계_인구정보-고령 인구 수(전체)-(격자) 250M_전라남도 신안군_202204|layername=nlsp_031001010
"27","594","594",유한약국,"전라남도 신안군 임자면 임자로 146,",061-275-8288,126.1071864,35.0864667,08:00~18:00,08:00~18:00,08:00~18:00,08:00~18:00,08:00~18:00,08:00~13:00,"-","-","1","1","1",1000,"31234",나라72ab76bb,,,(B100)국토통계_인구정보-고령 인구 수(전체)-(격자) 250M_전라남도 신안군_202204 ? nlsp_031001010,C:/Users/yttn0/Desktop/drug/고령 데이터_250M/(B100)국토통계_인구정보-고령 인구 수(전체)-(격자) 250M_전라남도 신안군_202204|layername=nlsp_031001010
"27","594","594",유한약국,"전라남도 신안군 임자면 임자로 146,",061-275-8288,126.1071864,35.0864667,08:00~18:00,08:00~18:00,08:00~18:00,08:00~18:00,08:00~18:00,08:00~13:00,"-","-","1","1","1",1000,"31235",나라72ab77aa,"6.00",6,(B100)국토통계_인구정보-고령 인구 수(전체)-(격자) 250M_전라남도 신안군_202204 ? nlsp_031001010,C:/Users/yttn0/Desktop/drug/고령 데이터_250M/(B100)국토통계_인구정보-고령 인구 수(전체)-(격자) 250M_전라남도 신안군_202204|layername=nlsp_031001010
"27","594","594",유한약국,"전라남도 신안군 임자면 임자로 146,",061-275-8288,126.1071864,35.0864667,08:00~18:00,08:00~18:00,08:00~18:00,08:00~18:00,08:00~18:00,08:00~13:00,"-","-","1","1","1",1000,"31236",나라72ab77ab,N/A,0,(B100)국토통계_인구정보-고령 인구 수(전체)-(격자) 250M_전라남도 신안군_202204 ? nlsp_031001010,C:/Users/yttn0/Desktop/drug/고령 데이터_250M/(B100)국토통계_인구정보-고령 인구 수(전체)-(격자) 250M_전라남도 신안군_202204|layername=nlsp_031001010
"27","594","594",유한약국,"전라남도 신안군 임자면 임자로 146,",061-275-8288,126.1071864,35.0864667,08:00~18:00,08:00~18:00,08:00~18:00,08:00~18:00,08:00~18:00,08:00~13:00,"-","-","1","1","1",1000,"31237",나라72ab77ba,,,(B100)국토통계_인구정보-고령 인구 수(전체)-(격자) 250M_전라남도 신안군_202204 ? nlsp_031001010,C:/Users/yttn0/Desktop/drug/고령 데이터_250M/(B100)국토통계_인구정보-고령 인구 수(전체)-(격자) 250M_전라남도 신안군_202204|layername=nlsp_031001010
"27","594","594",유한약국,"전라남도 신안군 임자면 임자로 146,",061-275-8288,126.1071864,35.0864667,08:00~18:00,08:00~18:00,08:00~18:00,08:00~18:00,08:00~18:00,08:00~13:00,"-","-","1","1","1",1000,"31238",나라72ab77bb,,,(B100)국토통계_인구정보-고령 인구 수(전체)-(격자) 250M_전라남도 신안군_202204 ? nlsp_031001010,C:/Users/yttn0/Desktop/drug/고령 데이터_250M/(B100)국토통계_인구정보-고령 인구 수(전체)-(격자) 250M_전라남도 신안군_202204|layername=nlsp_031001010
"27","594","594",유한약국,"전라남도 신안군 임자면 임자로 146,",061-275-8288,126.1071864,35.0864667,08:00~18:00,08:00~18:00,08:00~18:00,08:00~18:00,08:00~18:00,08:00~13:00,"-","-","1","1","1",1000,"31239",나라72ab78aa,"24.00",24,(B100)국토통계_인구정보-고령 인구 수(전체)-(격자) 250M_전라남도 신안군_202204 ? nlsp_031001010,C:/Users/yttn0/Desktop/drug/고령 데이터_250M/(B100)국토통계_인구정보-고령 인구 수(전체)-(격자) 250M_전라남도 신안군_202204|layername=nlsp_031001010
"27","594","594",유한약국,"전라남도 신안군 임자면 임자로 146,",061-275-8288,126.1071864,35.0864667,08:00~18:00,08:00~18:00,08:00~18:00,08:00~18:00,08:00~18:00,08:00~13:00,"-","-","1","1","1",1000,"31240",나라72ab78ab,,,(B100)국토통계_인구정보-고령 인구 수(전체)-(격자) 250M_전라남도 신안군_202204 ? nlsp_031001010,C:/Users/yttn0/Desktop/drug/고령 데이터_250M/(B100)국토통계_인구정보-고령 인구 수(전체)-(격자) 250M_전라남도 신안군_202204|layername=nlsp_031001010
"27","594","594",유한약국,"전라남도 신안군 임자면 임자로 146,",061-275-8288,126.1071864,35.0864667,08:00~18:00,08:00~18:00,08:00~18:00,08:00~18:00,08:00~18:00,08:00~13:00,"-","-","1","1","1",1000,"31241",나라72ab78ba,N/A,0,(B100)국토통계_인구정보-고령 인구 수(전체)-(격자) 250M_전라남도 신안군_202204 ? nlsp_031001010,C:/Users/yttn0/Desktop/drug/고령 데이터_250M/(B100)국토통계_인구정보-고령 인구 수(전체)-(격자) 250M_전라남도 신안군_202204|layername=nlsp_031001010
"27","594","594",유한약국,"전라남도 신안군 임자면 임자로 146,",061-275-8288,126.1071864,35.0864667,08:00~18:00,08:00~18:00,08:00~18:00,08:00~18:00,08:00~18:00,08:00~13:00,"-","-","1","1","1",1000,"31355",나라72ba76ba,,,(B100)국토통계_인구정보-고령 인구 수(전체)-(격자) 250M_전라남도 신안군_202204 ? nlsp_031001010,C:/Users/yttn0/Desktop/drug/고령 데이터_250M/(B100)국토통계_인구정보-고령 인구 수(전체)-(격자) 250M_전라남도 신안군_202204|layername=nlsp_031001010
"27","594","594",유한약국,"전라남도 신안군 임자면 임자로 146,",061-275-8288,126.1071864,35.0864667,08:00~18:00,08:00~18:00,08:00~18:00,08:00~18:00,08:00~18:00,08:00~13:00,"-","-","1","1","1",1000,"31356",나라72ba76bb,N/A,0,(B100)국토통계_인구정보-고령 인구 수(전체)-(격자) 250M_전라남도 신안군_202204 ? nlsp_031001010,C:/Users/yttn0/Desktop/drug/고령 데이터_250M/(B100)국토통계_인구정보-고령 인구 수(전체)-(격자) 250M_전라남도 신안군_202204|layername=nlsp_031001010
"27","594","594",유한약국,"전라남도 신안군 임자면 임자로 146,",061-275-8288,126.1071864,35.0864667,08:00~18:00,08:00~18:00,08:00~18:00,08:00~18:00,08:00~18:00,08:00~13:00,"-","-","1","1","1",1000,"31357",나라72ba77aa,,,(B100)국토통계_인구정보-고령 인구 수(전체)-(격자) 250M_전라남도 신안군_202204 ? nlsp_031001010,C:/Users/yttn0/Desktop/drug/고령 데이터_250M/(B100)국토통계_인구정보-고령 인구 수(전체)-(격자) 250M_전라남도 신안군_202204|layername=nlsp_031001010
"27","594","594",유한약국,"전라남도 신안군 임자면 임자로 146,",061-275-8288,126.1071864,35.0864667,08:00~18:00,08:00~18:00,08:00~18:00,08:00~18:00,08:00~18:00,08:00~13:00,"-","-","1","1","1",1000,"31358",나라72ba77ab,,,(B100)국토통계_인구정보-고령 인구 수(전체)-(격자) 250M_전라남도 신안군_202204 ? nlsp_031001010,C:/Users/yttn0/Desktop/drug/고령 데이터_250M/(B100)국토통계_인구정보-고령 인구 수(전체)-(격자) 250M_전라남도 신안군_202204|layername=nlsp_031001010
"27","594","594",유한약국,"전라남도 신안군 임자면 임자로 146,",061-275-8288,126.1071864,35.0864667,08:00~18:00,08:00~18:00,08:00~18:00,08:00~18:00,08:00~18:00,08:00~13:00,"-","-","1","1","1",1000,"31359",나라72ba77ba,"8.00",8,(B100)국토통계_인구정보-고령 인구 수(전체)-(격자) 250M_전라남도 신안군_202204 ? nlsp_031001010,C:/Users/yttn0/Desktop/drug/고령 데이터_250M/(B100)국토통계_인구정보-고령 인구 수(전체)-(격자) 250M_전라남도 신안군_202204|layername=nlsp_031001010
"27","594","594",유한약국,"전라남도 신안군 임자면 임자로 146,",061-275-8288,126.1071864,35.0864667,08:00~18:00,08:00~18:00,08:00~18:00,08:00~18:00,08:00~18:00,08:00~13:00,"-","-","1","1","1",1000,"31360",나라72ba77bb,,,(B100)국토통계_인구정보-고령 인구 수(전체)-(격자) 250M_전라남도 신안군_202204 ? nlsp_031001010,C:/Users/yttn0/Desktop/drug/고령 데이터_250M/(B100)국토통계_인구정보-고령 인구 수(전체)-(격자) 250M_전라남도 신안군_202204|layername=nlsp_031001010
"27","594","594",유한약국,"전라남도 신안군 임자면 임자로 146,",061-275-8288,126.1071864,35.0864667,08:00~18:00,08:00~18:00,08:00~18:00,08:00~18:00,08:00~18:00,08:00~13:00,"-","-","1","1","1",1000,"31361",나라72ba78aa,N/A,0,(B100)국토통계_인구정보-고령 인구 수(전체)-(격자) 250M_전라남도 신안군_202204 ? nlsp_031001010,C:/Users/yttn0/Desktop/drug/고령 데이터_250M/(B100)국토통계_인구정보-고령 인구 수(전체)-(격자) 250M_전라남도 신안군_202204|layername=nlsp_031001010
"27","594","594",유한약국,"전라남도 신안군 임자면 임자로 146,",061-275-8288,126.1071864,35.0864667,08:00~18:00,08:00~18:00,08:00~18:00,08:00~18:00,08:00~18:00,08:00~13:00,"-","-","1","1","1",1000,"31362",나라72ba78ab,N/A,0,(B100)국토통계_인구정보-고령 인구 수(전체)-(격자) 250M_전라남도 신안군_202204 ? nlsp_031001010,C:/Users/yttn0/Desktop/drug/고령 데이터_250M/(B100)국토통계_인구정보-고령 인구 수(전체)-(격자) 250M_전라남도 신안군_202204|layername=nlsp_031001010
"27","594","594",유한약국,"전라남도 신안군 임자면 임자로 146,",061-275-8288,126.1071864,35.0864667,08:00~18:00,08:00~18:00,08:00~18:00,08:00~18:00,08:00~18:00,08:00~13:00,"-","-","1","1","1",1000,"31363",나라72ba78ba,,,(B100)국토통계_인구정보-고령 인구 수(전체)-(격자) 250M_전라남도 신안군_202204 ? nlsp_031001010,C:/Users/yttn0/Desktop/drug/고령 데이터_250M/(B100)국토통계_인구정보-고령 인구 수(전체)-(격자) 250M_전라남도 신안군_202204|layername=nlsp_031001010
"27","594","594",유한약국,"전라남도 신안군 임자면 임자로 146,",061-275-8288,126.1071864,35.0864667,08:00~18:00,08:00~18:00,08:00~18:00,08:00~18:00,08:00~18:00,08:00~13:00,"-","-","1","1","1",1000,"31482",나라72bb76ba,N/A,0,(B100)국토통계_인구정보-고령 인구 수(전체)-(격자) 250M_전라남도 신안군_202204 ? nlsp_031001010,C:/Users/yttn0/Desktop/drug/고령 데이터_250M/(B100)국토통계_인구정보-고령 인구 수(전체)-(격자) 250M_전라남도 신안군_202204|layername=nlsp_031001010
"27","594","594",유한약국,"전라남도 신안군 임자면 임자로 146,",061-275-8288,126.1071864,35.0864667,08:00~18:00,08:00~18:00,08:00~18:00,08:00~18:00,08:00~18:00,08:00~13:00,"-","-","1","1","1",1000,"31483",나라72bb76bb,"13.00",13,(B100)국토통계_인구정보-고령 인구 수(전체)-(격자) 250M_전라남도 신안군_202204 ? nlsp_031001010,C:/Users/yttn0/Desktop/drug/고령 데이터_250M/(B100)국토통계_인구정보-고령 인구 수(전체)-(격자) 250M_전라남도 신안군_202204|layername=nlsp_031001010
"27","594","594",유한약국,"전라남도 신안군 임자면 임자로 146,",061-275-8288,126.1071864,35.0864667,08:00~18:00,08:00~18:00,08:00~18:00,08:00~18:00,08:00~18:00,08:00~13:00,"-","-","1","1","1",1000,"31484",나라72bb77aa,,,(B100)국토통계_인구정보-고령 인구 수(전체)-(격자) 250M_전라남도 신안군_202204 ? nlsp_031001010,C:/Users/yttn0/Desktop/drug/고령 데이터_250M/(B100)국토통계_인구정보-고령 인구 수(전체)-(격자) 250M_전라남도 신안군_202204|layername=nlsp_031001010
"27","594","594",유한약국,"전라남도 신안군 임자면 임자로 146,",061-275-8288,126.1071864,35.0864667,08:00~18:00,08:00~18:00,08:00~18:00,08:00~18:00,08:00~18:00,08:00~13:00,"-","-","1","1","1",1000,"31485",나라72bb77ab,N/A,0,(B100)국토통계_인구정보-고령 인구 수(전체)-(격자) 250M_전라남도 신안군_202204 ? nlsp_031001010,C:/Users/yttn0/Desktop/drug/고령 데이터_250M/(B100)국토통계_인구정보-고령 인구 수(전체)-(격자) 250M_전라남도 신안군_202204|layername=nlsp_031001010
"27","594","594",유한약국,"전라남도 신안군 임자면 임자로 146,",061-275-8288,126.1071864,35.0864667,08:00~18:00,08:00~18:00,08:00~18:00,08:00~18:00,08:00~18:00,08:00~13:00,"-","-","1","1","1",1000,"31486",나라72bb77ba,,,(B100)국토통계_인구정보-고령 인구 수(전체)-(격자) 250M_전라남도 신안군_202204 ? nlsp_031001010,C:/Users/yttn0/Desktop/drug/고령 데이터_250M/(B100)국토통계_인구정보-고령 인구 수(전체)-(격자) 250M_전라남도 신안군_202204|layername=nlsp_031001010
"27","594","594",유한약국,"전라남도 신안군 임자면 임자로 146,",061-275-8288,126.1071864,35.0864667,08:00~18:00,08:00~18:00,08:00~18:00,08:00~18:00,08:00~18:00,08:00~13:00,"-","-","1","1","1",1000,"31487",나라72bb77bb,N/A,0,(B100)국토통계_인구정보-고령 인구 수(전체)-(격자) 250M_전라남도 신안군_202204 ? nlsp_031001010,C:/Users/yttn0/Desktop/drug/고령 데이터_250M/(B100)국토통계_인구정보-고령 인구 수(전체)-(격자) 250M_전라남도 신안군_202204|layername=nlsp_031001010
"27","594","594",유한약국,"전라남도 신안군 임자면 임자로 146,",061-275-8288,126.1071864,35.0864667,08:00~18:00,08:00~18:00,08:00~18:00,08:00~18:00,08:00~18:00,08:00~13:00,"-","-","1","1","1",1000,"31488",나라72bb78aa,,,(B100)국토통계_인구정보-고령 인구 수(전체)-(격자) 250M_전라남도 신안군_202204 ? nlsp_031001010,C:/Users/yttn0/Desktop/drug/고령 데이터_250M/(B100)국토통계_인구정보-고령 인구 수(전체)-(격자) 250M_전라남도 신안군_202204|layername=nlsp_031001010
"27","594","594",유한약국,"전라남도 신안군 임자면 임자로 146,",061-275-8288,126.1071864,35.0864667,08:00~18:00,08:00~18:00,08:00~18:00,08:00~18:00,08:00~18:00,08:00~13:00,"-","-","1","1","1",1000,"31489",나라72bb78ab,N/A,0,(B100)국토통계_인구정보-고령 인구 수(전체)-(격자) 250M_전라남도 신안군_202204 ? nlsp_031001010,C:/Users/yttn0/Desktop/drug/고령 데이터_250M/(B100)국토통계_인구정보-고령 인구 수(전체)-(격자) 250M_전라남도 신안군_202204|layername=nlsp_031001010
"27","594","594",유한약국,"전라남도 신안군 임자면 임자로 146,",061-275-8288,126.1071864,35.0864667,08:00~18:00,08:00~18:00,08:00~18:00,08:00~18:00,08:00~18:00,08:00~13:00,"-","-","1","1","1",1000,"31490",나라72bb78ba,"9.00",9,(B100)국토통계_인구정보-고령 인구 수(전체)-(격자) 250M_전라남도 신안군_202204 ? nlsp_031001010,C:/Users/yttn0/Desktop/drug/고령 데이터_250M/(B100)국토통계_인구정보-고령 인구 수(전체)-(격자) 250M_전라남도 신안군_202204|layername=nlsp_031001010
"27","594","594",유한약국,"전라남도 신안군 임자면 임자로 146,",061-275-8288,126.1071864,35.0864667,08:00~18:00,08:00~18:00,08:00~18:00,08:00~18:00,08:00~18:00,08:00~13:00,"-","-","1","1","1",1000,"31611",나라73aa76ba,,,(B100)국토통계_인구정보-고령 인구 수(전체)-(격자) 250M_전라남도 신안군_202204 ? nlsp_031001010,C:/Users/yttn0/Desktop/drug/고령 데이터_250M/(B100)국토통계_인구정보-고령 인구 수(전체)-(격자) 250M_전라남도 신안군_202204|layername=nlsp_031001010
"27","594","594",유한약국,"전라남도 신안군 임자면 임자로 146,",061-275-8288,126.1071864,35.0864667,08:00~18:00,08:00~18:00,08:00~18:00,08:00~18:00,08:00~18:00,08:00~13:00,"-","-","1","1","1",1000,"31612",나라73aa76bb,N/A,0,(B100)국토통계_인구정보-고령 인구 수(전체)-(격자) 250M_전라남도 신안군_202204 ? nlsp_031001010,C:/Users/yttn0/Desktop/drug/고령 데이터_250M/(B100)국토통계_인구정보-고령 인구 수(전체)-(격자) 250M_전라남도 신안군_202204|layername=nlsp_031001010
"27","594","594",유한약국,"전라남도 신안군 임자면 임자로 146,",061-275-8288,126.1071864,35.0864667,08:00~18:00,08:00~18:00,08:00~18:00,08:00~18:00,08:00~18:00,08:00~13:00,"-","-","1","1","1",1000,"31613",나라73aa77aa,,,(B100)국토통계_인구정보-고령 인구 수(전체)-(격자) 250M_전라남도 신안군_202204 ? nlsp_031001010,C:/Users/yttn0/Desktop/drug/고령 데이터_250M/(B100)국토통계_인구정보-고령 인구 수(전체)-(격자) 250M_전라남도 신안군_202204|layername=nlsp_031001010
"27","594","594",유한약국,"전라남도 신안군 임자면 임자로 146,",061-275-8288,126.1071864,35.0864667,08:00~18:00,08:00~18:00,08:00~18:00,08:00~18:00,08:00~18:00,08:00~13:00,"-","-","1","1","1",1000,"31614",나라73aa77ab,,,(B100)국토통계_인구정보-고령 인구 수(전체)-(격자) 250M_전라남도 신안군_202204 ? nlsp_031001010,C:/Users/yttn0/Desktop/drug/고령 데이터_250M/(B100)국토통계_인구정보-고령 인구 수(전체)-(격자) 250M_전라남도 신안군_202204|layername=nlsp_031001010
"27","594","594",유한약국,"전라남도 신안군 임자면 임자로 146,",061-275-8288,126.1071864,35.0864667,08:00~18:00,08:00~18:00,08:00~18:00,08:00~18:00,08:00~18:00,08:00~13:00,"-","-","1","1","1",1000,"31615",나라73aa77ba,"10.00",10,(B100)국토통계_인구정보-고령 인구 수(전체)-(격자) 250M_전라남도 신안군_202204 ? nlsp_031001010,C:/Users/yttn0/Desktop/drug/고령 데이터_250M/(B100)국토통계_인구정보-고령 인구 수(전체)-(격자) 250M_전라남도 신안군_202204|layername=nlsp_031001010
"27","594","594",유한약국,"전라남도 신안군 임자면 임자로 146,",061-275-8288,126.1071864,35.0864667,08:00~18:00,08:00~18:00,08:00~18:00,08:00~18:00,08:00~18:00,08:00~13:00,"-","-","1","1","1",1000,"31616",나라73aa77bb,N/A,0,(B100)국토통계_인구정보-고령 인구 수(전체)-(격자) 250M_전라남도 신안군_202204 ? nlsp_031001010,C:/Users/yttn0/Desktop/drug/고령 데이터_250M/(B100)국토통계_인구정보-고령 인구 수(전체)-(격자) 250M_전라남도 신안군_202204|layername=nlsp_031001010
"27","594","594",유한약국,"전라남도 신안군 임자면 임자로 146,",061-275-8288,126.1071864,35.0864667,08:00~18:00,08:00~18:00,08:00~18:00,08:00~18:00,08:00~18:00,08:00~13:00,"-","-","1","1","1",1000,"31617",나라73aa78aa,,,(B100)국토통계_인구정보-고령 인구 수(전체)-(격자) 250M_전라남도 신안군_202204 ? nlsp_031001010,C:/Users/yttn0/Desktop/drug/고령 데이터_250M/(B100)국토통계_인구정보-고령 인구 수(전체)-(격자) 250M_전라남도 신안군_202204|layername=nlsp_031001010
"27","594","594",유한약국,"전라남도 신안군 임자면 임자로 146,",061-275-8288,126.1071864,35.0864667,08:00~18:00,08:00~18:00,08:00~18:00,08:00~18:00,08:00~18:00,08:00~13:00,"-","-","1","1","1",1000,"31618",나라73aa78ab,,,(B100)국토통계_인구정보-고령 인구 수(전체)-(격자) 250M_전라남도 신안군_202204 ? nlsp_031001010,C:/Users/yttn0/Desktop/drug/고령 데이터_250M/(B100)국토통계_인구정보-고령 인구 수(전체)-(격자) 250M_전라남도 신안군_202204|layername=nlsp_031001010
"27","594","594",유한약국,"전라남도 신안군 임자면 임자로 146,",061-275-8288,126.1071864,35.0864667,08:00~18:00,08:00~18:00,08:00~18:00,08:00~18:00,08:00~18:00,08:00~13:00,"-","-","1","1","1",1000,"31619",나라73aa78ba,,,(B100)국토통계_인구정보-고령 인구 수(전체)-(격자) 250M_전라남도 신안군_202204 ? nlsp_031001010,C:/Users/yttn0/Desktop/drug/고령 데이터_250M/(B100)국토통계_인구정보-고령 인구 수(전체)-(격자) 250M_전라남도 신안군_202204|layername=nlsp_031001010
"27","594","594",유한약국,"전라남도 신안군 임자면 임자로 146,",061-275-8288,126.1071864,35.0864667,08:00~18:00,08:00~18:00,08:00~18:00,08:00~18:00,08:00~18:00,08:00~13:00,"-","-","1","1","1",1000,"31742",나라73ab76ba,,,(B100)국토통계_인구정보-고령 인구 수(전체)-(격자) 250M_전라남도 신안군_202204 ? nlsp_031001010,C:/Users/yttn0/Desktop/drug/고령 데이터_250M/(B100)국토통계_인구정보-고령 인구 수(전체)-(격자) 250M_전라남도 신안군_202204|layername=nlsp_031001010
"27","594","594",유한약국,"전라남도 신안군 임자면 임자로 146,",061-275-8288,126.1071864,35.0864667,08:00~18:00,08:00~18:00,08:00~18:00,08:00~18:00,08:00~18:00,08:00~13:00,"-","-","1","1","1",1000,"31743",나라73ab76bb,,,(B100)국토통계_인구정보-고령 인구 수(전체)-(격자) 250M_전라남도 신안군_202204 ? nlsp_031001010,C:/Users/yttn0/Desktop/drug/고령 데이터_250M/(B100)국토통계_인구정보-고령 인구 수(전체)-(격자) 250M_전라남도 신안군_202204|layername=nlsp_031001010
"27","594","594",유한약국,"전라남도 신안군 임자면 임자로 146,",061-275-8288,126.1071864,35.0864667,08:00~18:00,08:00~18:00,08:00~18:00,08:00~18:00,08:00~18:00,08:00~13:00,"-","-","1","1","1",1000,"31744",나라73ab77aa,"6.00",6,(B100)국토통계_인구정보-고령 인구 수(전체)-(격자) 250M_전라남도 신안군_202204 ? nlsp_031001010,C:/Users/yttn0/Desktop/drug/고령 데이터_250M/(B100)국토통계_인구정보-고령 인구 수(전체)-(격자) 250M_전라남도 신안군_202204|layername=nlsp_031001010
"27","594","594",유한약국,"전라남도 신안군 임자면 임자로 146,",061-275-8288,126.1071864,35.0864667,08:00~18:00,08:00~18:00,08:00~18:00,08:00~18:00,08:00~18:00,08:00~13:00,"-","-","1","1","1",1000,"31745",나라73ab77ab,"33.00",33,(B100)국토통계_인구정보-고령 인구 수(전체)-(격자) 250M_전라남도 신안군_202204 ? nlsp_031001010,C:/Users/yttn0/Desktop/drug/고령 데이터_250M/(B100)국토통계_인구정보-고령 인구 수(전체)-(격자) 250M_전라남도 신안군_202204|layername=nlsp_031001010
"27","594","594",유한약국,"전라남도 신안군 임자면 임자로 146,",061-275-8288,126.1071864,35.0864667,08:00~18:00,08:00~18:00,08:00~18:00,08:00~18:00,08:00~18:00,08:00~13:00,"-","-","1","1","1",1000,"31746",나라73ab77ba,"39.00",39,(B100)국토통계_인구정보-고령 인구 수(전체)-(격자) 250M_전라남도 신안군_202204 ? nlsp_031001010,C:/Users/yttn0/Desktop/drug/고령 데이터_250M/(B100)국토통계_인구정보-고령 인구 수(전체)-(격자) 250M_전라남도 신안군_202204|layername=nlsp_031001010
"27","594","594",유한약국,"전라남도 신안군 임자면 임자로 146,",061-275-8288,126.1071864,35.0864667,08:00~18:00,08:00~18:00,08:00~18:00,08:00~18:00,08:00~18:00,08:00~13:00,"-","-","1","1","1",1000,"31747",나라73ab77bb,"31.00",31,(B100)국토통계_인구정보-고령 인구 수(전체)-(격자) 250M_전라남도 신안군_202204 ? nlsp_031001010,C:/Users/yttn0/Desktop/drug/고령 데이터_250M/(B100)국토통계_인구정보-고령 인구 수(전체)-(격자) 250M_전라남도 신안군_202204|layername=nlsp_031001010
"27","594","594",유한약국,"전라남도 신안군 임자면 임자로 146,",061-275-8288,126.1071864,35.0864667,08:00~18:00,08:00~18:00,08:00~18:00,08:00~18:00,08:00~18:00,08:00~13:00,"-","-","1","1","1",1000,"31748",나라73ab78aa,,,(B100)국토통계_인구정보-고령 인구 수(전체)-(격자) 250M_전라남도 신안군_202204 ? nlsp_031001010,C:/Users/yttn0/Desktop/drug/고령 데이터_250M/(B100)국토통계_인구정보-고령 인구 수(전체)-(격자) 250M_전라남도 신안군_202204|layername=nlsp_031001010
"27","594","594",유한약국,"전라남도 신안군 임자면 임자로 146,",061-275-8288,126.1071864,35.0864667,08:00~18:00,08:00~18:00,08:00~18:00,08:00~18:00,08:00~18:00,08:00~13:00,"-","-","1","1","1",1000,"31749",나라73ab78ab,,,(B100)국토통계_인구정보-고령 인구 수(전체)-(격자) 250M_전라남도 신안군_202204 ? nlsp_031001010,C:/Users/yttn0/Desktop/drug/고령 데이터_250M/(B100)국토통계_인구정보-고령 인구 수(전체)-(격자) 250M_전라남도 신안군_202204|layername=nlsp_031001010
"27","594","594",유한약국,"전라남도 신안군 임자면 임자로 146,",061-275-8288,126.1071864,35.0864667,08:00~18:00,08:00~18:00,08:00~18:00,08:00~18:00,08:00~18:00,08:00~13:00,"-","-","1","1","1",1000,"31750",나라73ab78ba,,,(B100)국토통계_인구정보-고령 인구 수(전체)-(격자) 250M_전라남도 신안군_202204 ? nlsp_031001010,C:/Users/yttn0/Desktop/drug/고령 데이터_250M/(B100)국토통계_인구정보-고령 인구 수(전체)-(격자) 250M_전라남도 신안군_202204|layername=nlsp_031001010
"27","594","594",유한약국,"전라남도 신안군 임자면 임자로 146,",061-275-8288,126.1071864,35.0864667,08:00~18:00,08:00~18:00,08:00~18:00,08:00~18:00,08:00~18:00,08:00~13:00,"-","-","1","1","1",1000,"31877",나라73ba76bb,,,(B100)국토통계_인구정보-고령 인구 수(전체)-(격자) 250M_전라남도 신안군_202204 ? nlsp_031001010,C:/Users/yttn0/Desktop/drug/고령 데이터_250M/(B100)국토통계_인구정보-고령 인구 수(전체)-(격자) 250M_전라남도 신안군_202204|layername=nlsp_031001010
"27","594","594",유한약국,"전라남도 신안군 임자면 임자로 146,",061-275-8288,126.1071864,35.0864667,08:00~18:00,08:00~18:00,08:00~18:00,08:00~18:00,08:00~18:00,08:00~13:00,"-","-","1","1","1",1000,"31878",나라73ba77aa,,,(B100)국토통계_인구정보-고령 인구 수(전체)-(격자) 250M_전라남도 신안군_202204 ? nlsp_031001010,C:/Users/yttn0/Desktop/drug/고령 데이터_250M/(B100)국토통계_인구정보-고령 인구 수(전체)-(격자) 250M_전라남도 신안군_202204|layername=nlsp_031001010
"27","594","594",유한약국,"전라남도 신안군 임자면 임자로 146,",061-275-8288,126.1071864,35.0864667,08:00~18:00,08:00~18:00,08:00~18:00,08:00~18:00,08:00~18:00,08:00~13:00,"-","-","1","1","1",1000,"31879",나라73ba77ab,"7.00",7,(B100)국토통계_인구정보-고령 인구 수(전체)-(격자) 250M_전라남도 신안군_202204 ? nlsp_031001010,C:/Users/yttn0/Desktop/drug/고령 데이터_250M/(B100)국토통계_인구정보-고령 인구 수(전체)-(격자) 250M_전라남도 신안군_202204|layername=nlsp_031001010
"27","594","594",유한약국,"전라남도 신안군 임자면 임자로 146,",061-275-8288,126.1071864,35.0864667,08:00~18:00,08:00~18:00,08:00~18:00,08:00~18:00,08:00~18:00,08:00~13:00,"-","-","1","1","1",1000,"31880",나라73ba77ba,"26.00",26,(B100)국토통계_인구정보-고령 인구 수(전체)-(격자) 250M_전라남도 신안군_202204 ? nlsp_031001010,C:/Users/yttn0/Desktop/drug/고령 데이터_250M/(B100)국토통계_인구정보-고령 인구 수(전체)-(격자) 250M_전라남도 신안군_202204|layername=nlsp_031001010
"27","594","594",유한약국,"전라남도 신안군 임자면 임자로 146,",061-275-8288,126.1071864,35.0864667,08:00~18:00,08:00~18:00,08:00~18:00,08:00~18:00,08:00~18:00,08:00~13:00,"-","-","1","1","1",1000,"31881",나라73ba77bb,"7.00",7,(B100)국토통계_인구정보-고령 인구 수(전체)-(격자) 250M_전라남도 신안군_202204 ? nlsp_031001010,C:/Users/yttn0/Desktop/drug/고령 데이터_250M/(B100)국토통계_인구정보-고령 인구 수(전체)-(격자) 250M_전라남도 신안군_202204|layername=nlsp_031001010
"27","594","594",유한약국,"전라남도 신안군 임자면 임자로 146,",061-275-8288,126.1071864,35.0864667,08:00~18:00,08:00~18:00,08:00~18:00,08:00~18:00,08:00~18:00,08:00~13:00,"-","-","1","1","1",1000,"31882",나라73ba78aa,,,(B100)국토통계_인구정보-고령 인구 수(전체)-(격자) 250M_전라남도 신안군_202204 ? nlsp_031001010,C:/Users/yttn0/Desktop/drug/고령 데이터_250M/(B100)국토통계_인구정보-고령 인구 수(전체)-(격자) 250M_전라남도 신안군_202204|layername=nlsp_031001010
"27","594","594",유한약국,"전라남도 신안군 임자면 임자로 146,",061-275-8288,126.1071864,35.0864667,08:00~18:00,08:00~18:00,08:00~18:00,08:00~18:00,08:00~18:00,08:00~13:00,"-","-","1","1","1",1000,"31883",나라73ba78ab,,,(B100)국토통계_인구정보-고령 인구 수(전체)-(격자) 250M_전라남도 신안군_202204 ? nlsp_031001010,C:/Users/yttn0/Desktop/drug/고령 데이터_250M/(B100)국토통계_인구정보-고령 인구 수(전체)-(격자) 250M_전라남도 신안군_202204|layername=nlsp_031001010
"27","594","594",유한약국,"전라남도 신안군 임자면 임자로 146,",061-275-8288,126.1071864,35.0864667,08:00~18:00,08:00~18:00,08:00~18:00,08:00~18:00,08:00~18:00,08:00~13:00,"-","-","1","1","1",1000,"31884",나라73ba78ba,,,(B100)국토통계_인구정보-고령 인구 수(전체)-(격자) 250M_전라남도 신안군_202204 ? nlsp_031001010,C:/Users/yttn0/Desktop/drug/고령 데이터_250M/(B100)국토통계_인구정보-고령 인구 수(전체)-(격자) 250M_전라남도 신안군_202204|layername=nlsp_031001010
"27","594","594",유한약국,"전라남도 신안군 임자면 임자로 146,",061-275-8288,126.1071864,35.0864667,08:00~18:00,08:00~18:00,08:00~18:00,08:00~18:00,08:00~18:00,08:00~13:00,"-","-","1","1","1",1000,"32013",나라73bb77aa,,,(B100)국토통계_인구정보-고령 인구 수(전체)-(격자) 250M_전라남도 신안군_202204 ? nlsp_031001010,C:/Users/yttn0/Desktop/drug/고령 데이터_250M/(B100)국토통계_인구정보-고령 인구 수(전체)-(격자) 250M_전라남도 신안군_202204|layername=nlsp_031001010
"27","594","594",유한약국,"전라남도 신안군 임자면 임자로 146,",061-275-8288,126.1071864,35.0864667,08:00~18:00,08:00~18:00,08:00~18:00,08:00~18:00,08:00~18:00,08:00~13:00,"-","-","1","1","1",1000,"32014",나라73bb77ab,N/A,0,(B100)국토통계_인구정보-고령 인구 수(전체)-(격자) 250M_전라남도 신안군_202204 ? nlsp_031001010,C:/Users/yttn0/Desktop/drug/고령 데이터_250M/(B100)국토통계_인구정보-고령 인구 수(전체)-(격자) 250M_전라남도 신안군_202204|layername=nlsp_031001010
"27","594","594",유한약국,"전라남도 신안군 임자면 임자로 146,",061-275-8288,126.1071864,35.0864667,08:00~18:00,08:00~18:00,08:00~18:00,08:00~18:00,08:00~18:00,08:00~13:00,"-","-","1","1","1",1000,"32015",나라73bb77ba,N/A,0,(B100)국토통계_인구정보-고령 인구 수(전체)-(격자) 250M_전라남도 신안군_202204 ? nlsp_031001010,C:/Users/yttn0/Desktop/drug/고령 데이터_250M/(B100)국토통계_인구정보-고령 인구 수(전체)-(격자) 250M_전라남도 신안군_202204|layername=nlsp_031001010
"27","594","594",유한약국,"전라남도 신안군 임자면 임자로 146,",061-275-8288,126.1071864,35.0864667,08:00~18:00,08:00~18:00,08:00~18:00,08:00~18:00,08:00~18:00,08:00~13:00,"-","-","1","1","1",1000,"32016",나라73bb77bb,,,(B100)국토통계_인구정보-고령 인구 수(전체)-(격자) 250M_전라남도 신안군_202204 ? nlsp_031001010,C:/Users/yttn0/Desktop/drug/고령 데이터_250M/(B100)국토통계_인구정보-고령 인구 수(전체)-(격자) 250M_전라남도 신안군_202204|layername=nlsp_031001010
"27","594","594",유한약국,"전라남도 신안군 임자면 임자로 146,",061-275-8288,126.1071864,35.0864667,08:00~18:00,08:00~18:00,08:00~18:00,08:00~18:00,08:00~18:00,08:00~13:00,"-","-","1","1","1",1000,"32017",나라73bb78aa,N/A,0,(B100)국토통계_인구정보-고령 인구 수(전체)-(격자) 250M_전라남도 신안군_202204 ? nlsp_031001010,C:/Users/yttn0/Desktop/drug/고령 데이터_250M/(B100)국토통계_인구정보-고령 인구 수(전체)-(격자) 250M_전라남도 신안군_202204|layername=nlsp_031001010
"27","594","594",유한약국,"전라남도 신안군 임자면 임자로 146,",061-275-8288,126.1071864,35.0864667,08:00~18:00,08:00~18:00,08:00~18:00,08:00~18:00,08:00~18:00,08:00~13:00,"-","-","1","1","1",1000,"32018",나라73bb78ab,,,(B100)국토통계_인구정보-고령 인구 수(전체)-(격자) 250M_전라남도 신안군_202204 ? nlsp_031001010,C:/Users/yttn0/Desktop/drug/고령 데이터_250M/(B100)국토통계_인구정보-고령 인구 수(전체)-(격자) 250M_전라남도 신안군_202204|layername=nlsp_031001010
"27","594","594",유한약국,"전라남도 신안군 임자면 임자로 146,",061-275-8288,126.1071864,35.0864667,08:00~18:00,08:00~18:00,08:00~18:00,08:00~18:00,08:00~18:00,08:00~13:00,"-","-","1","1","1",1000,"32139",나라74aa77ab,,,(B100)국토통계_인구정보-고령 인구 수(전체)-(격자) 250M_전라남도 신안군_202204 ? nlsp_031001010,C:/Users/yttn0/Desktop/drug/고령 데이터_250M/(B100)국토통계_인구정보-고령 인구 수(전체)-(격자) 250M_전라남도 신안군_202204|layername=nlsp_031001010
"27","594","594",유한약국,"전라남도 신안군 임자면 임자로 146,",061-275-8288,126.1071864,35.0864667,08:00~18:00,08:00~18:00,08:00~18:00,08:00~18:00,08:00~18:00,08:00~13:00,"-","-","1","1","1",1000,"32140",나라74aa77ba,,,(B100)국토통계_인구정보-고령 인구 수(전체)-(격자) 250M_전라남도 신안군_202204 ? nlsp_031001010,C:/Users/yttn0/Desktop/drug/고령 데이터_250M/(B100)국토통계_인구정보-고령 인구 수(전체)-(격자) 250M_전라남도 신안군_202204|layername=nlsp_031001010
"27","594","594",유한약국,"전라남도 신안군 임자면 임자로 146,",061-275-8288,126.1071864,35.0864667,08:00~18:00,08:00~18:00,08:00~18:00,08:00~18:00,08:00~18:00,08:00~13:00,"-","-","1","1","1",1000,"32141",나라74aa77bb,,,(B100)국토통계_인구정보-고령 인구 수(전체)-(격자) 250M_전라남도 신안군_202204 ? nlsp_031001010,C:/Users/yttn0/Desktop/drug/고령 데이터_250M/(B100)국토통계_인구정보-고령 인구 수(전체)-(격자) 250M_전라남도 신안군_202204|layername=nlsp_031001010
