관할,경로당명,읍면동,리,번지,건축연도,건축물 면적,부지면적,소유자,데이터기준일자,,
서면,용당경로당,서면,운평,산65,1977,115.62,595,서면용당번영회,2020-08-20,,
별량면,내동경로당,별량면,우산,975-1,2004,89.64,306,우산리내동마을회,2020-08-20,,
매곡동,매곡경로당,매곡동,,96-20,2006,75.36,218,순천시,2020-08-20,,
송광면,신곡천경로당,송광면,봉산,951-35,1998,66,426,신곡천마을회,2020-08-20,,
서면,지본경로당,서면,지본,944-1,1996,78,340,순천시,2020-08-20,,
풍덕동,상풍경로당,풍덕동,,923-4,2008,87.93,177,순천시,2020-08-20,,
서면,판교경로당,서면,판교,918-13,2006,108.54,473,서면판교마을회,2020-08-20,,
조곡동,조곡중앙경로당,조곡동,,91-44,2004,92.03,190,순천시,2020-08-20,,
황전면,회룡여자경로당,황전면,회룡,900-5,1999,147.42,374,순천시황전면회룡마을회,2020-08-20,,
별량면,진치경로당,별량면,금치,900-4,2005,89.09,227,진치새마을회,2020-08-20,,
서면,죽청경로당,서면,운평,894-4,2007,87.3,336,서면죽청마을회,2020-08-20,,
덕연동,코아루아파트노인회경로당,연향동,,89-28,2004,49.9,,코아루아파트,2020-08-20,,
풍덕동,풍덕중앙경로당,풍덕동,,888-15,2005,96.8,195.7,순천시,2020-08-20,,
풍덕동,철우경로당,풍덕동,,877-3,1979,59.95,,최현채외 58명,2020-08-20,,
별량면,대동경로당,별량면,대룡,875-4,2007,74.52,220,대동마을회,2020-08-20,,
서면,문화경로당,서면,동산,872-2,2001,178.48,498.2,순천시,2020-08-20,,
송광면,외우경로당,송광면,우산,869-12,2004,49.98,209,"안영철외3인(안상철,안형철,안용철)",2020-08-20,,
풍덕동,동부경로당,풍덕동,,868-2,2000,148.69,248.3,풍덕복지회관,2020-08-20,,
풍덕동,송란여자경로당,풍덕동,,868-2,2000,148.69,248.3,풍덕복지회관,2020-08-20,,
왕조1동,왕지경로당,왕지동,,855-19,2010,91.78,186,,2020-08-20,,
황전면,용림2경로당,황전면,선변,846-6,2013,44.95,124,용림2구새마을회,2020-08-20,,
서면,구상흥대경로당,서면,구상,826-38,2009,66.78,168,서면구상흥내영내경로당,2020-08-20,,
주암면,주암리경로당,주암면,주암,826-1,2004,73,,주암마을회,2020-08-20,,
조곡동,순천철우경로당,조곡동,,82-165,1987,52.5,671,한국철도공사,2020-08-20,,
해룡면,호두구상경로당,해룡면,호두,818-1,2014,118.62,668,구상새마을회,2020-08-20,,
주암면,행정경로당,주암면,행정,816-1,2010,82.03,330,행정리마을회,2020-08-20,,
풍덕동,한신아파트경로당,풍덕동,,807-7,1990,56.25,,주식회사우진건설,2020-08-20,,
왕조1동,조례운동경로당,조례동,,802-6,2003,55.82,116,운동부락새마을회,2020-08-20,,
주암면,운룡경로당,주암면,운룡,798-1,2007,84.24,,운룡리운용마을회,2020-08-20,,
별량면,화포경로당,별량면,학산,795-1,1999,91.38,241,학산어촌계,2020-08-20,,
낙안면,흥림경로당,낙안면,석흥,794-4,2000,68.56,287,윤동기,2020-08-20,,
해룡면,무룡경로당,해룡면,선학,792-9,2007,80.64,,선학마을새마을회,2020-08-20,,
장천동,장천경로당,장천동,,79-18,2015,97.02,193,순천시,2020-08-20,,
장천동,신촌경로당,장천동,,79-13,2005,69.3,161,순천시,2020-08-20,,
외서면,쌍율경로당,외서면,쌍율,787-1,2003,99.27,1501,쌍율리새마을회,2020-08-20,,
상사면,운곡경로당,상사면,쌍지,770-6,2016,83.94,215,상사면쌍지리운곡마을회,2020-08-20,,
월등면,둔대경로당,월등면,대평,763-1,1999,72.85,418,"박봉재외3인(공성수,박준재,장학용)",2020-08-20,,
황전면,회덕경로당,황전면,회룡,749-4,2004,86,384,순천시,2020-08-20,,
낙안면,가정경로당,낙안면,창녕,743-5,2000,86.24,216,낙안면가정마을회,2020-08-20,,
별량면,무선경로당,별량면,무풍,735-8,1989,79.2,261,무선마을회,2020-08-20,,
황전면,용림경로당,황전면,선변,733-2,1995,99,,용선경노회,2020-08-20,,
삼산동,참샘마을경로당,가곡동,,731-1,2010,134.22,,박행기외 4명,2020-08-20,,
황전면,농소경로당,황전면,평촌,728-1,2013,73.26,209,농소마을회,2020-08-20,,
별량면,이미경로당,별량면,대곡,725-1,1994,85.1,433,이미마을회,2020-08-20,,
도사동,오산경로당,오천동,,723-12,2013,111.54,306,순천시,2020-08-20,,
상사면,오곡경로당,상사면,오곡,722-2,2000,86.24,170,순천시상사면오곡리오곡마을회,2020-08-20,,
별량면,상삼경로당,별량면,덕정,720-5,1994,60,,"박정근외2인(소길영,김연홍)",2020-08-20,,
조곡동,재경경로당,조곡동,,71-112,1998,26.91,50,"정양근외4인(천순만,안계진,김종기,정대련)",2020-08-20,,
승주읍,택촌경로당,승주읍,구강,710-1,1997,93.6,338,조양훈외1인 (임채동),2020-08-20,,
상사면,상사문화마을경로당,상사면,응령,707-8,2013,76.94,568.1,순천시,2020-08-20,,
승주읍,석동부인경로당,승주읍,월계,705-1,1992,72,287.6,월계리석동마을회,2020-08-20,,
삼산동,원용당경로당,용당동,,704-2,1998,79.22,427,순천시,2020-08-20,,
서면,학구경로당,서면,학구,701-5,1999,102.75,590,학구리,2020-08-20,,
해룡면,풍덕경로당,해룡면,대안,700-1,2019,138.5,613,순천시,2020-08-20,,
도사동,소라남자경로당,덕월동,,698-1,2004,84,572,원덕흥,2020-08-20,,
도사동,소라여자경로당,덕월동,,698-1,2000,86.24,572,원덕흥,2020-08-20,,
별량면,외동경로당,별량면,우산,695-1,2000,73.71,146,우산리외동마을회,2020-08-20,,
상사면,마륜경로당,상사면,마륜,69-17,1995,190,602,상사면마륜마을회,2020-08-20,,
도사동,대룡경로당,대룡동,,691-3,1997,59.7,398,대룡경로회,2020-08-20,,
주암면,요곡경로당,주암면,요곡,686-3,2005,72.6,182,순천시,2020-08-20,,
조곡동,조곡금호아파트경로당,조곡동,,68-61,1993,63,63,주식회사금호건설,2020-08-20,,
월등면,송천경로당,월등면,송천,686-1,2002,151.71,,월등면송천리송천마을회,2020-08-20,,
주암면,문성경로당,주암면,고산,68-19,1996,67.86,120,고산리문성마을회,2020-08-20,,
왕조2동,연동2차대주파크빌경로당,조례동,,68-19,2005,87.185,,두림건설주식회사외 1명,2020-08-20,,
별량면,백동경로당,별량면,덕정,673-1,1994,39.72,,백동마을경로회,2020-08-20,,
별량면,장학경로당,별량면,송학,667-3,2001,66.48,410,별량면장학마을회,2020-08-20,,
별량면,상림경로당,별량면,쌍림,666-1,2000,69,345,별량면상림마을회,2020-08-20,,
별량면,금동경로당,별량면,금치,662-7,1998,75.75,535,금동새마을회외3명,2020-08-20,,
저전동,저전여자경로당,저전동,,65-70,1996,77.89,166.42,순천시,2020-08-20,,
도사동,신석경로당,대대동,,654-5,2002,50,114,순천시,2020-08-20,,
도사동,우성아파트경로당,덕월동,,653-2,2012,114.75,,우성아파트,2020-08-20,,
승주읍,남정경로당,승주읍,남강,653-1,2019,100.23,251,순천시,2020-08-20,,
저전동,저전경로당,저전동,,65-132,1976,86.55,,순천시,2020-08-20,,
승주읍,수성경로당,승주읍,월계,651-3,2005,77.76,274,승주수성노인회,2020-08-20,,
낙안면,내동경로당,낙안면,내운,646-2,1998,78.66,165,내운리내동노인회,2020-08-20,,
도사동,수동경로당,안풍동,,643-1,2002,60.42,240.53,순천시안풍동수동마을새마을회,2020-08-20,,
서면,대구2구경로당,서면,대구,642-1,1972,59,148,순천시서면대구리2구마을회,2020-08-20,,
해룡면,상삼2.3.4.리경로당,해룡면,상삼,641-8,2007,89.22,199.3,순천시,2020-08-20,,
별량면,승곡경로당,별량면,덕정,641-5,2003,85.25,298,순천시별량면승곡마을회,2020-08-20,,
상사면,응령경로당,상사면,응령,641-1,1998,88.41,408,서윤기,2020-08-20,,
서면,금평경로당,서면,지본,641-1,2001,77,397,순천서면금평마을회외 1명,2020-08-20,,
승주읍,유서경로당,승주읍,유흥,634-3,2004,78.92,198,승주읍유서마을회,2020-08-20,,
서면,추동경로당,서면,판교,634-2,2010,64.26,,서면판교리추동마을회,2020-08-20,,
낙안면,신촌경로당,낙안면,석흥,634-1,2005,54,,신촌시새마을회,2020-08-20,,
도사동,인덕경로당,인월동,,633-4,2003,84.77,331,순천시인월동인덕마을새마을회,2020-08-20,,
월등면,신성경로당,월등면,월용,633-1,,106,,월용리,2020-08-20,,
별량면,봉림여자경로당,별량면,봉림,628-4,1988,79.385,433,별량부인노인회,2020-08-20,,
별량면,별량경로당,별량면,봉림,628-21,1991,72,,별량면경노회,2020-08-20,,
주암면,용지경로당,주암면,오산,622-1,2000,91.71,344,용지마을회,2020-08-20,,
별량면,장기경로당,별량면,봉림,622-1,2014,88.39,235.5,봉림리장기새마을회,2020-08-20,,
도사동,오림경로당,오천동,,61-21,2013,105.88,323,도사동오림마을회,2020-08-20,,
별량면,서동경로당,별량면,두고,610-8,1998,73.96,181,서동마을새마을회,2020-08-20,,
외서면,금성경로당,외서면,금성,605-1,2001,90.37,390,외서면금성새마을회,2020-08-20,,
서면,월산경로당,서면,동산,603-7,2003,68.76,145,순천시서면동산리월산마을회,2020-08-20,,
도사동,연동경로당,교량동,,602-13,2006,77.58,135,교량동연동마을회,2020-08-20,,
황전면,수평경로당,황전면,수평,601-55,2016,75.52,374,수평마을회,2020-08-20,,
도사동,오룡경로당,대룡동,,598-1,2004,76.6,386,대룡동오룡마을회,2020-08-20,,
해룡면,가산경로당,해룡면,남가,595-2,2001,66.24,,순천시해룡면남가리대가마을회,2020-08-20,,
도사동,영무예다음경로당,오천동,,593-2,2017,56.1,,영무예다음,2020-08-20,,
외서면,농소경로당,외서면,신덕,587-1,1996,66,4417,김기남,2020-08-20,,
상사면,노동경로당,상사면,봉래,586-4,2005,74.66,224,순천시상사면노동마을회,2020-08-20,,
황전면,화평경로당,황전면,덕림,586-1,2003,67.37,391,황전면덕림리화평마을회,2020-08-20,,
황전면,황학경로당,황전면,황학,580-1,,145.2,,황학리,2020-08-20,,
도사동,홍두경로당,홍내동,,572-93,1989,73.9,225,유시열,2020-08-20,,
별량면,용운경로당,별량면,운천,565-3,2001,63.5,159,별량면용운새마을회,2020-08-20,,
상사면,초곡경로당,상사면,초곡,565-1,1993,63.38,,순천시상사면초곡리초곡새마을회,2020-08-20,,
월등면,서당경로당,월등면,신월,564-2,2006,84.6,313,서당마을회,2020-08-20,,
중앙동,선미중앙하이츠경로당,동외동,,56-14,2007,88.22,,선미중앙하이츠,2020-08-20,,
주암면,복다경로당,주암면,복다,559-1,2006,79.2,,복다리마을회,2020-08-20,,
해룡면,비례경로당,해룡면,복성,559-1,2000,65.94,1036,순천시해룡면복성리비례마을회,2020-08-20,,
남제동,장평경로당,남정동,,557-27,2016,81.88,430.5,순천시,2020-08-20,,
매곡동,한마음경로당,매곡동,,556-8,2003,40.57,144,순천시,2020-08-20,,
서면,화정경로당,서면,압곡,553-3,1977,99,,승주군서면압곡리,2020-08-20,,
왕조1동,두산위브1단지경로당,왕지동,,551-2,2011,133.02,,강화형,2020-08-20,,
도사동,안풍여자경로당,안풍동,,547-1,2012,95.66,345.83,안지부락새마을회,2020-08-20,,
별량면,개령경로당,별량면,대룡,546-3,2006,87.76,309,별량면개령마을회,2020-08-20,,
황전면,하평경로당,황전면,평촌,545-1,2000,57.96,172,하평마을회,2020-08-20,,
해룡면,선월경로당,해룡면,선월,544-1,1995,94.79,648,승주군,2020-08-20,,
서면,신촌경로당,서면,학구,538-8,2014,74.6,488,학구리신촌마을회,2020-08-20,,
주암면,귀호경로당,주암면,구산,531-1,1997,102.48,1040.74,귀호경로당,2020-08-20,,
송광면,죽산경로당,송광면,덕산,519-9,1999,71.21,152,덕산리죽산마을회,2020-08-20,,
도사동,내동경로당,홍내동,,517-4,2002,82.47,440,홍내동내동마을회,2020-08-20,,
승주읍,용선경로당,승주읍,도정,514-1,2005,90.33,276,용선송정마을회,2020-08-20,,
주암면,문길경로당,주암면,문길,506-1,1995,66.3,179,풍교리,2020-08-20,,
왕조1동,조례현대아파트경로당,조례동,,505-3,1995,48.18,,조례현대아파트,2020-08-20,,
송광면,평촌여자경로당,송광면,신평,505-1,1987,66.6,126,평촌마을회,2020-08-20,,
송광면,평촌남자경로당,송광면,신평,504-1,2006,49.68,132,평촌마을회,2020-08-20,,
해룡면,신기경로당,해룡면,월전,503-8,1993,73.44,,해룡면월전리신기마을회,2020-08-20,,
황전면,건천경로당,황전면,대치,503-3,1996,57.57,,건천마을회,2020-08-20,,
조곡동,원조곡여자 경로당,조곡동,,501-23,2002,78.36,196.73,둑실마을회,2020-08-20,,
상사면,구계경로당,상사면,용계,495-4,1999,97.65,608,순천시상사면용계리구계마을회,2020-08-20,,
별량면,신촌경로당,별량면,덕정,489-5,2005,73.26,170,순천시별량면신촌마을회,2020-08-20,,
주암면,동촌경로당,주암면,갈마,486-10,2006,90.36,496,동촌마을회,2020-08-20,,
별량면,거차경로당,별량면,마산,485-1,2011,49.06,,마산리거차새마을회,2020-08-20,,
송광면,내우경로당,송광면,우산,483-6,1990,152.07,,박옥현,2020-08-20,,
상사면,화수목경로당,상사면,마륜,478-3,2019,134.61,814,화수목마을회,2020-08-20,,
승주읍,유동남자경로당,승주읍,유흥,478-1,1993,116.4,291,유흥리유동새마을회,2020-08-20,,
승주읍,유동여자경로당,승주읍,유흥,478-1,1993,116.4,291,"유흥리유동새마을회, (중복)",2020-08-20,,
황전면,칠안경로당,황전면,비촌,475-2,1999,70.85,149,"황의록외2인(김남현,김도현)",2020-08-20,,
남제동,흥남경로당,남정동,,474-1,2012,123.93,250,순천시,2020-08-20,,
월등면,운곡경로당,월등면,월용,473-1,1997,77.1,180,운곡마을회,2020-08-20,,
도사동,조례경로당,인월동,,472-9,2000,49.65,258,조례마을회,2020-08-20,,
별량면,장산경로당,별량면,학산,472-3,2001,104.91,314,순천시,2020-08-20,,
서면,회룡경로당,서면,구만,471-3,1965,33.3,,서면구만리회룡마을회,2020-08-20,,
월등면,장선경로당,월등면,농선,470-1,1978,86.6,,장선마을회,2020-08-20,,
낙안면,동내경로당,낙안면,동내,464-4,2002,196.31,333,순천시,2020-08-20,,
매곡동,지등남자경로당,매곡동,,464-24,2008,45.44,261,순천시,2020-08-20,,
매곡동,지등여자경로당,매곡동,,464-24,2005,83.97,261,순천시,2020-08-20,,
서면,개운경로당,서면,구만,463-2,2001,69.45,116,순천시서면개운마을회,2020-08-20,,
별량면,도홍경로당,별량면,두고,460-1,1999,75.88,173,별량면두고리도홍마을회,2020-08-20,,
주암면,영귀경로당,주암면,궁각,458-1,2010,50.5,195,궁각영귀마을회,2020-08-20,,
별량면,하림경로당,별량면,쌍림,455-6,2010,93.9,347,순천시별량면하림마을회,2020-08-20,,
낙안면,신기경로당,낙안면,신기,455-4,2007,79.5,,낙안면신기마을회,2020-08-20,,
주암면,원동경로당,주암면,광천,452-6,2003,90.3,204.23,순천시주암면광천리원동마을회,2020-08-20,,
외서면,화전경로당,외서면,화전,452-1,1998,66,695,화전리새마을회,2020-08-20,,
낙안면,용능경로당,낙안면,용능,450-1,2004,89.02,149,순천시낙안면용능마을회,2020-08-20,,
도사동,서편여자경로당,대대동,,438-1,2004,127.72,540,순천시대대동서편마을회,2020-08-20,,
상사면,용암경로당,상사면,용암,432-8,1978,117.05,302,상사용암마을회,2020-08-20,,
주암면,죽림경로당,주암면,죽림,432-1,2002,36,339,주암죽림마을회,2020-08-20,,
해룡면,성산경로당,해룡면,성산,432-1,1999,71.66,,성산리새마을회,2020-08-20,,
별량면,무풍경로당,별량면,무풍,430-1,1972,55.2,92,순천시별량면풍류마을회,2020-08-20,,
해룡면,가장경로당,해룡면,선학,428-3,2003,61.59,156,계당마을새마을회,2020-08-20,,
승주읍,중앙경로당,승주읍,서평,425-10,2003,82.47,380,순천시,2020-08-20,,
해룡면,하사여자경로당,해룡면,하사,424-9,2013,55.45,263,순천시,2020-08-20,,
향동,와룡경로당,와룡동,,423-5,2005,24.45,153,순천시와룡마을회,2020-08-20,,
월등면,월평경로당,월등면,대평,422-12,2003,90,241,대평리월평마을회,2020-08-20,,
낙안면,교촌경로당,낙안면,교촌,421-4,1990,70.92,173,"교촌노인회(교촌리 421-4), [순천시(교촌리 422)]",2020-08-20,,
별량면,송천경로당,별량면,동송,420-4,2003,80.24,,송천마을회,2020-08-20,,
승주읍,승주경로당,승주읍,평중,41-30,1991,146.18,,순천시,2020-08-20,,
낙안면,검암경로당,낙안면,검암,412-1,1999,88.95,357,낙안면검암마을회,2020-08-20,,
매곡동,매곡2단지아파트경로당,매곡동,,409-3,2007,83.25,,대한주택공사외 2명,2020-08-20,,
해룡면,용전경로당,해룡면,용전,402-3,2007,84,,해룡면용전리용전마을새마을회,2020-08-20,,
해룡면,농주경로당,해룡면,농주,402-1,1999,74.1,321,양석열,2020-08-20,,
해룡면,신월경로당,해룡면,용전,401-3,1989,59.4,,정준호외 2명,2020-08-20,,
도사동,야흥남자경로당,야흥동,,401-1,,56.1,261,"윤우엽외3인(이의형,황태규,이준형)",2020-08-20,,
조곡동,관사경로당,조곡동,,39-83,1982,68.51,164,순천시,2020-08-20,,
별량면,죽산남자경로당,별량면,죽산,389-5,2001,73.08,187,죽산리경로회,2020-08-20,,
황전면,내동경로당,황전면,죽내,387-1,1997,92.25,323,황전면내동마을회,2020-08-20,,
별량면,죽림경로당,별량면,죽산,385-5,2005,81.6,255,별량면죽림새마을회,2020-08-20,,
주암면,용촌경로당,주암면,복다,385-1,2004,81.76,,용촌리마을회,2020-08-20,,
별량면,용안경로당,별량면,대룡,381-4,2003,66.3,184,순천시별량면대룡리용안마을회,2020-08-20,,
해룡면,서가경로당,해룡면,남가,380-1,1999,71.48,163,서가마을새마을회,2020-08-20,,
삼산동,업동경로당,용당동,,379-2,1992,46.86,79,업동마을회,2020-08-20,,
남제동,강남경로당,인제동,,375-5,2003,211.86,252.6,순천시,2020-08-20,,
덕연동,덕우경로당,덕암동,,375-16,2013,105.18,818,순천시,2020-08-20,,
덕연동,덕암부인경로당,덕암동,,375-10,1978,69.61,,순천시,2020-08-20,,
황전면,상검경로당,황전면,죽청,372-1,2014,94,651,죽청리상검새마을회,2020-08-20,,
왕조1동,조례3차대주파크빌경로당,조례동,,372-1,2005,120.15,,두림건설주식회사외 1명,2020-08-20,,
왕조1동,조례금호아파트경로당,조례동,,372-1,1997,74.91,,금호건설주식회사,2020-08-20,,
별량면,신덕경로당,별량면,마산,371-1,2009,104.1,495,신덕청록회,2020-08-20,,
황전면,모전경로당,황전면,모전,369-1,1999,71.14,155,황전모전마을회,2020-08-20,,
별량면,신천경로당,별량면,운천,368-1,1999,71,238,신천마을회,2020-08-20,,
승주읍,사제경로당,승주읍,구강,367-2,1999,46.68,170,"남상두외4인, 남상철,박갑석,김기준,조순옥",2020-08-20,,
외서면,구암경로당,외서면,월암,363-1,1998,66,744,구암새마을회,2020-08-20,,
별량면,신송경로당,별량면,동송,362-11,2008,99.27,490,신송새마을회,2020-08-20,,
해룡면,복성경로당,해룡면,복성,361-2,2002,46.62,153,해룡복성마을회,2020-08-20,,
서면,죽평경로당,서면,죽평,359-6,1998,87,,죽평마을회,2020-08-20,,
승주읍,신전경로당,승주읍,신전,358-1,1993,72,,승주읍신전리마을회,2020-08-20,,
별량면,고장경로당,별량면,마산,357-1,2008,84.66,,고장마을한울이회,2020-08-20,,
별량면,덕산경로당,별량면,두고,356-7,1996,82.4,219,덕산새마을회,2020-08-20,,
월등면,망룡경로당,월등면,망용,354-13,1980,83.22,321,망용마을회,2020-08-20,,
서면,율리경로당,서면,압곡,354-1,2016,70.08,348,서면율리마을회,2020-08-20,,
외서면,장산경로당,외서면,장산,35-27,1999,95.5,671,함우석외1인 (이영호),2020-08-20,,
해룡면,상삼1리경로당,해룡면,상삼,348-1,2005,121.49,412,순천시,2020-08-20,,
별량면,상대경로당,별량면,대곡,346-2,2001,107.06,294,순천시별량면상대마을회,2020-08-20,,
낙안면,이곡여자경로당,낙안면,이곡,346-1,2001,201.65,556,이곡리1구마을회,2020-08-20,,
황전면,대치경로당,황전면,대치,345-1,2003,80,281,황전면대치마을회,2020-08-20,,
황전면,신기경로당,황전면,회룡,345-1,1998,78.22,1051,신기마을회,2020-08-20,,
향동,정수경로당,옥천동,,345-1,2015,56.28,283,순천시,2020-08-20,,
덕연동,생목한신경로당,생목동,,34-21,1982,65.96,,순천시,2020-08-20,,
해룡면,하사경로당,해룡면,하사,335-4,1998,102.74,299.3,하사마을,2020-08-20,,
낙안면,금산경로당,낙안면,금산,332-28,1998,70.95,178,금산마을회,2020-08-20,,
해룡면,송잠마을경로당,해룡면,농주,328-1,1974,49.44,83,양호교,2020-08-20,,
왕조1동,현남경로당,왕지동,,326-1,1996,63.2,337,현남새마을회,2020-08-20,,
도사동,신전경로당,대룡동,,324-16,2003,53.54,143,대룡동신전부인경로회,2020-08-20,,
남제동,남산경로당,남정동,,322-5,2008,90,249,순천시,2020-08-20,,
풍덕동,하풍경로당,풍덕동,,322-3,1992,105.8,499,풍덕동하풍마을회,2020-08-20,,
해룡면,신흥경로당,해룡면,월전,321-4,2007,151.13,616,순천시,2020-08-20,,
황전면,발산경로당,황전면,황학,320-1,2003,87.63,,발산부락마을회,2020-08-20,,
해룡면,계당경로당,해룡면,선학,318-5,2000,68.87,153,계당마을새마을회,2020-08-20,,
상사면,서동경로당,상사면,비촌,317-4,1997,93.61,242,상사면서동마을회,2020-08-20,,
해룡면,호두경로당,해룡면,호두,314-1,2005,90.4,158,호두리마을회,2020-08-20,,
해룡면,호두여자경로당,해룡면,호두,314-1,2005,90.4,158,호두리마을회,2020-08-20,,
주암면,신기경로당,주암면,비룡,312-4,2005,59.75,151,비룡리신기마을회,2020-08-20,,
남제동,신흥경로당,남정동,,312-3,2011,43,125,순천시,2020-08-20,,
승주읍,봉덕경로당,승주읍,봉덕,312-1,2004,87,,봉덕리봉곡마을회,2020-08-20,,
낙안면,평촌여자경로당,낙안면,평촌,310-1,2004,185.82,714.7,낙안면평촌리마을회,2020-08-20,,
낙안면,영학경로당,낙안면,평촌,309-1,,56.2,,낙안면평촌리마을회,2020-08-20,,
매곡동,북정남자경로당,매곡동,,304-4,2004,96,342,순천시,2020-08-20,,
매곡동,북정여자경로당,매곡동,,304-4,2004,96,342,순천시,2020-08-20,,
별량면,죽전경로당,별량면,무풍,298-1,1999,86.88,255,"김동빈외2인(신현우,서정권)",2020-08-20,,
서면,월곡경로당,서면,운평,297-5,2014,99.9,529,월곡리마을회,2020-08-20,,
별량면,송정경로당,별량면,송학,297-3,1998,85.36,725,조동조외1인(송정마을새마을회),2020-08-20,,
주암면,가남경로당,주암면,어왕,296-5,,60,,고광석외7인,2020-08-20,,
서면,비월경로당,서면,비월,295-5,2005,94.44,367,비월리새마을회,2020-08-20,,
서면,건천경로당,서면,압곡,295-2,1998,73.44,181.9,한국농어촌공사,2020-08-20,,
남제동,성남경로당,인제동,,29-37,2001,42.35,70.64,순천시,2020-08-20,,
서면,흥대경로당,서면,흥대,293-1,1979,83.6,,흥대리흥대마을회,2020-08-20,,
황전면,봉성경로당,황전면,죽내,291-3,2007,55.77,370,봉성마을회,2020-08-20,,
주암면,월평경로당,주암면,복다,290-7,2008,84.24,334,복다리월평마을회,2020-08-20,,
월등면,신월경로당,월등면,신월,290-1,2000,77.6,523,김효수,2020-08-20,,
승주읍,중대경로당,승주읍,평중,289-1,2003,100.17,182,중대새마을회,2020-08-20,,
외서면,덕치경로당,외서면,신덕,289-1,2003,101.13,588,신덕리새마을회,2020-08-20,,
월등면,당산경로당,월등면,월림,288-2,1997,65,113,당산마을회,2020-08-20,,
해룡면,삼동경로당,해룡면,상삼,287-1,2009,104.85,321,상삼리삼동마을회,2020-08-20,,
상사면,해룡경로당,상사면,초곡,286-7,1999,74.17,297,조정익외1인(박재석),2020-08-20,,
별량면,구기경로당,별량면,송기,284-1,2004,94,246,구기리새마을회,2020-08-20,,
별량면,석현경로당,별량면,봉림,282-6,2012,69.75,309,봉림리석현마을회,2020-08-20,,
저전동,갈마골경로당,저전동,,281-10,1990,85.07,,순천시,2020-08-20,,
주암면,남성경로당,주암면,창촌,278-16,1983,117.41,,남성노인정,2020-08-20,,
주암면,대구경로당,주암면,대구,273-1,2000,76.95,408.94,대구리마을회,2020-08-20,,
월등면,월등중앙경로당,월등면,대평,271-3,1953,526.34,,순천시,2020-08-20,,
상사면,서정경로당,상사면,응령,270-2,2005,75.88,193,상사서정마을회,2020-08-20,,
서면,대구1구경로당,서면,대구,265-7,1992,91.05,,대구리1구마을회,2020-08-20,,
해룡면,선학경로당,해룡면,선학,263-5,2005,81.6,257,선학마을새마을회,2020-08-20,,
조곡동,조곡경로당,조곡동,,263-210,1983,74.34,292,순천시,2020-08-20,,
조곡동,조곡부인경로당,조곡동,,263-210,1983,74.34,292,순천시,2020-08-20,,
매곡동,북문경로당,매곡동,,26-31,2019,63.99,107,순천시,2020-08-20,,
주암면,선산경로당,주암면,구산,260-1,2003,76.86,198,순천시주암면선산마을회,2020-08-20,,
향동,삼거경로당,삼거동,,260-1,1998,79.58,481,순천삼거마을회,2020-08-20,,
별량면,하대경로당,별량면,대곡,258-7,2003,71.4,242,순천시,2020-08-20,,
황전면,백야경로당,황전면,괴목,258-2,2016,85.65,403,황전면백야새마을회,2020-08-20,,
향동,범죽경로당,와룡동,,257-1,2004,67.4,235,순천시,2020-08-20,,
황전면,상평경로당,황전면,평촌,256-1,2006,80,559,평촌리상평마을회,2020-08-20,,
풍덕동,주공경로당,풍덕동,,255-5,1989,48.6,,,2020-08-20,,
풍덕동,금호남자경로당,풍덕동,,255-3,1991,82.5,,,2020-08-20,,
풍덕동,금호여자경로당,풍덕동,,255-3,1991,82.5,,금호아파트,2020-08-20,,
해룡면,신성남자경로당,해룡면,신성,254-4,1994,36,554,신성리애향협동영농회,2020-08-20,,
해룡면,신성여자경로당,해룡면,신성,254-4,1994,36,554,신성리애향협동영농회,2020-08-20,,
낙안면,창녕경로당,낙안면,창녕,254-1,2006,99,,창녕마을회,2020-08-20,,
상사면,상사경로당,상사면,흘산,252-39,2012,147.62,482,순천시,2020-08-20,,
낙안면,두능경로당,낙안면,용능,250-1,2001,66.64,635,낙안면두능새마을회,2020-08-20,,
해룡면,봉서경로당,해룡면,신대,247-3,1999,67.47,165,해룡면신대리봉서마을새마을회,2020-08-20,,
왕조1동,두지경로당,조례동,,246-6,2009,91.93,230,두지새마을회,2020-08-20,,
외서면,가용경로당,외서면,반용,238-2,1994,63,419,가용새마을회,2020-08-20,,
남제동,기린경로당,인제동,,234-4,1993,97.4,167.27,순천시,2020-08-20,,
황전면,내구경로당,황전면,내구,233-2,1999,73.24,304,내구리,2020-08-20,,
승주읍,칠성경로당,승주읍,신학,231-3,2005,81.5,258,순천시,2020-08-20,,
상사면,쌍지경로당,상사면,쌍지,231-2,2004,93.7,602,박윤석,2020-08-20,,
향동,옥천현대여자경로당,옥천동,,231-1,1990,48,,최인선(공마당1길 35),2020-08-20,,
상사면,금곡경로당,상사면,응령,229-5,1998,88.41,169,상사면응령리금곡마을회,2020-08-20,,
서면,강청경로당,서면,선평,227-1,2002,82.47,472,강청리새마을회,2020-08-20,,
낙안면,송기경로당,낙안면,검암,225-1,1998,72.45,294,검암리송기마을회,2020-08-20,,
주암면,마전경로당,주암면,궁각,223-7,2004,70,198,궁각리마전마을회,2020-08-20,,
해룡면,해창경로당,해룡면,해창,222-2,1999,108.23,234.6,순천시해룡면해창리해창마을새마을회,2020-08-20,,
승주읍,기룡경로당,승주읍,유평,221-2,2008,82.83,246,최준용,2020-08-20,,
서면,신기경로당,서면,비월,217-4,1983,52,,,2020-08-20,,
낙안면,구기경로당,낙안면,신기,217-3,2005,88.65,218,낙안면구기마을회,2020-08-20,,
승주읍,학구경로당,승주읍,봉덕,212-1,2020,72.64,214,순천시,2020-08-20,,
낙안면,노암경로당,낙안면,이곡,21-15,2004,86.55,213,"박화연외2인(강옥비,강정일)",2020-08-20,,
삼산동,오리정경로당,석현동,,211-1,,60,,"주문규외4인(채동배,심채수,신재석,소진우)",2020-08-20,,
중앙동,만수경로당,동외동,,210-14,1997,60.03,112,만수경로당,2020-08-20,,
중앙동,북부부인경로당,동외동,,210-14,1997,60.03,112,만수경로당,2020-08-20,,
주암면,가음경로당,주암면,백록,210-1,1979,72,764,허현,2020-08-20,,
상사면,연동경로당,상사면,오곡,208-1,2002,89.43,227,정민수,2020-08-20,,
해룡면,대법경로당,해룡면,성산,205-1,2017,86.55,366.08,대법리새마을회,2020-08-20,,
서면,연동경로당,서면,흥대,204-4,2007,81.88,265,흥대리연동마을회,2020-08-20,,
낙안면,서내경로당,낙안면,서내,203-5,2006,96.9,192,서내리새마을회,2020-08-20,,
서면,주공2단지경로당,서면,선평,202-1,2004,92.72,,대한주택공사,2020-08-20,,
향동,노두경로당,와룡동,,198-3,2008,89.93,265,노두마을발전회,2020-08-20,,
황전면,신촌경로당,황전면,수평,196-7,1997,64.8,299.87,김양수외 1명,2020-08-20,,
송광면,유경경로당,송광면,삼청,196-3,1992,26.74,,장병렬,2020-08-20,,
별량면,척동경로당,별량면,원창,196-1,1992,90.1,255,순천시별량면원창리척동마을회,2020-08-20,,
별량면,대려경로당,별량면,운천,195-3,2002,89.04,150,순천시별량면대려마을회,2020-08-20,,
월등면,화지경로당,월등면,대평,194-6,2004,95.72,646,순천화지마을회,2020-08-20,,
낙안면,목촌경로당,낙안면,목촌,193-1,2005,91.68,,낙안면목촌마을회,2020-08-20,,
낙안면,목촌여자경로당,낙안면,목촌,193-1,2005,91.68,,낙안면목촌마을회,2020-08-20,,
삼산동,용당현대아파트경로당,용당동,,191-1,1991,94,,현대건설주식회사,2020-08-20,,
주암면,오산경로당,주암면,오산,190-1,2001,73.08,,"조연용,조세훈,조재훈,조안선",2020-08-20,,
해룡면,대안경로당,해룡면,대안,189-5,2020,96,329.5,순천시,2020-08-20,,
향동,향동부인경로당,금곡동,,188-29,2010,77.91,314,순천시,2020-08-20,,
덕연동,덕암경로당,덕암동,,188-123,2007,81.56,431,순천시,2020-08-20,,
상사면,어은경로당,상사면,쌍지,187-4,1982,101.2,,정병재,2020-08-20,,
송광면,장동경로당,송광면,장안,1864-1,2016,104.02,676,순천시송광장동마을회,2020-08-20,,
낙안면,성북마을경로당,낙안면,성북,184-1,2001,66.7,566.21,낙안면성북마을회,2020-08-20,,
상사면,흘산경로당,상사면,흘산,183-1,2002,69.01,521.6,흘산리새마을회,2020-08-20,,
향동,금곡남자경로당,금곡동,,181-4,1997,47.16,119,순천시향교재산,2020-08-20,,
향동,금곡여자경로당,금곡동,,181-4,1997,47.16,119,순천시향교재산,2020-08-20,,
낙안면,평사경로당,낙안면,평사,181-1,1996,176.16,1170,강기협,2020-08-20,,
남제동,인제행복경로당,인제동,,181-1,2014,75.86,322,순천시,2020-08-20,,
매곡동,매산등경로당,매곡동,,179-55,2004,47.94,101.5,순천시,2020-08-20,,
매곡동,삼풍그린파크경로당,매곡동,,179-1,1991,32,,삼풍그린파크,2020-08-20,,
서면,노은경로당,서면,판교,178-4,1998,76.32,299,백은미,2020-08-20,,
해룡면,노월경로당,해룡면,농주,178-3,2001,58,145,노월마을새마을회,2020-08-20,,
월등면,율지경로당,월등면,신월,177-4,2007,83.07,297,순천율지마을회,2020-08-20,,
중앙동,시민경로당,동외동,,177-1,2008,88.22,151,순천시,2020-08-20,,
해룡면,상내경로당,해룡면,상내,176-1,2004,85.68,167.4,순천시해룡면상내리상내마을새마을회,2020-08-20,,
황전면,죽동경로당,황전면,죽내,174-7,2005,83,208,죽동마을,2020-08-20,,
월등면,상동경로당,월등면,계월,174-11,,96,,장순임,2020-08-20,,
별량면,과동경로당,별량면,금치,169-1,2007,81.38,,과동마을회,2020-08-20,,
낙안면,신전경로당,낙안면,금산,168-1,2005,71.79,192,한영용외1인(양동중),2020-08-20,,
황전면,임선경로당,황전면,모전,168-1,2004,80,235,임선마을회,2020-08-20,,
도사동,금성경로당,홍내동,,167-35,2004,29.5,150,홍내동금성마을회,2020-08-20,,
해룡면,도롱경로당,해룡면,도롱,166-2,2015,93.27,211,순천시해룡면도롱리도롱마을새마을회,2020-08-20,,
덕연동,세영더-조은경로당,연향동,,1660-2,2006,55.17,,세영종합건설주식회사,2020-08-20,,
덕연동,연향주공경로당,연향동,,1660-1,2006,113.61,,대한주택공사,2020-08-20,,
상사면,용계경로당,상사면,용계,165-4,1992,96.15,244,상사용계리마을회,2020-08-20,,
해룡면,동가산경로당,해룡면,남가,163-15,2012,70.2,202,해룡면남가리동가산마을회,2020-08-20,,
서면,임촌경로당,서면,동산,163-11,1998,68.2,172,서면임촌마을회,2020-08-20,,
덕연동,호반1차아파트경로당,연향동,,1626-1,2001,108,,리젠시빌/건설주식회사,2020-08-20,,
해룡면,매봉경로당,해룡면,복성,160-1,2001,36.9,218,유병환,2020-08-20,,
해룡면,산두경로당,해룡면,신대,155-59,1988,77.05,231,해룡면산두회관,2020-08-20,,
외서면,월평경로당,외서면,월암,155-10,1996,66,165,외서면월평새마을회,2020-08-20,,
장천동,장천부인경로당,장천동,,154-9,2008,79.88,158,순천시,2020-08-20,,
조곡동,역전경로당,조곡동,,151-50,2003,73.64,115.43,순천시,2020-08-20,,
덕연동,연향경로당,연향동,,151-21,2018,98.85,432,순천시연향동연향마을,2020-08-20,,
승주읍,축내경로당,승주읍,도정,1511-1,2012,96.45,434,축내마을회,2020-08-20,,
덕연동,덕암현대아파트경로당,덕암동,,1-50,1995,82.35,,현대산업개발주식회사,2020-08-20,,
남제동,서린경로당,인제동,,143-1,2011,153.09,496,순천시,2020-08-20,,
삼산동,삼산경로당,석현동,,142-17,2008,87.56,226,순천시,2020-08-20,,
낙안면,옥산경로당,낙안면,옥산,141-1,1998,82.5,,낙안면옥산노인회,2020-08-20,,
해룡면,중흥경로당,해룡면,중흥,141-1,1987,113.71,423,중흥리새마을회,2020-08-20,,
황전면,교동경로당,황전면,금평,140-1,2018,83.01,,교동리새마을회,2020-08-20,,
왕조1동,조례주공1단지남자경로당,조례동,,1385-11,1985,48,,조례주공1단지,2020-08-20,,
덕연동,부영1차아파트경로당,연향동,,1384-3,1991,130.3,,,2020-08-20,,
덕연동,연향우미아파트경로당,연향동,,1384-2,1992,149.29,,연향우미아파트,2020-08-20,,
황전면,산영경로당,황전면,회룡,138-3,1999,72.85,205,황전면산영새마을회,2020-08-20,,
주암면,갈마경로당,주암면,갈마,138-1,2003,73.26,198.4,갈마리,2020-08-20,,
낙안면,교촌여자경로당,낙안면,교촌,138-1,1997,83.25,,교촌리마을회,2020-08-20,,
도사동,신풍부인경로당,안풍동,,137-3,2004,80.24,565.18,안풍동신풍마을회,2020-08-20,,
덕연동,연향제1지구경로당,연향동,,1370-3,1993,103.33,207.6,순천시,2020-08-20,,
도사동,신보경로당,덕월동,,1369-1,2011,78,,신보아파트,2020-08-20,,
별량면,칠동경로당,별량면,두고,132-1,1973,50.4,,김태원,2020-08-20,,
도사동,금전경로당,대대동,,1313-1,1998,70.05,354,금전부락새마을회,2020-08-20,,
왕조1동,조례주공1단지여자경로당,조례동,,1299-5,1985,48,,조례주공1단지,2020-08-20,,
풍덕동,원풍남자경로당,풍덕동,,1284-9,1997,119,206.3,"풍원경로당외3인(정희순,김철수,박춘심)",2020-08-20,,
풍덕동,원풍여자경로당,풍덕동,,1284-9,1997,119,206.3,"풍원경로당외3인(정희순,김철수,박춘심)",2020-08-20,,
월등면,운월경로당,월등면,운월,128-1,1997,54.24,238,남병우외 8명,2020-08-20,,
별량면,신석경로당,별량면,봉림,1278-15,2002,82.47,242,순천시별량면원창리신석마을회,2020-08-20,,
낙안면,덕천경로당,낙안면,검암,123-1,1999,85.81,256,덕천마을총회,2020-08-20,,
송광면,장안남자경로당,송광면,장안,1202-4,2004,82.47,439,장안마을회,2020-08-20,,
승주읍,지동경로당,승주읍,도정,1191-1,2006,84.36,360,도정리 지동마을회,2020-08-20,,
해룡면,평화경로당,해룡면,신대,1185-16,2016,89.65,302,신대리평화마을회,2020-08-20,,
황전면,신계경로당,황전면,비촌,1179-3,1995,59.5,,하태공외 1명,2020-08-20,,
송광면,신정경로당,송광면,이읍,1173-3,1994,89.55,,송광신정마을회,2020-08-20,,
승주읍,오성경로당,승주읍,두월,116-3,2017,86.03,592,효동마을회,2020-08-20,,
해룡면,남가경로당,해룡면,남가,116-3,2003,90.82,422,해룡면남가마을회,2020-08-20,,
서면,운평경로당,서면,운평,1162-102,1998,87.63,357,운평마을회,2020-08-20,,
향동,청수정경로당,금곡동,,114-2,2017,163.01,,순천시,2020-08-20,,
별량면,온야경로당,별량면,봉림,1140-7,1998,86.78,245,온야마을새마을회,2020-08-20,,
삼산동,원가곡경로당,가곡동,,112-5,2003,90.67,159,가곡새마을회,2020-08-20,,
주암면,약촌경로당,주암면,한곡,112-1,2005,90.36,482,약촌마을회,2020-08-20,,
도사동,동너리마을경로당,대대동,,1109-4,2000,32.85,167,순천시하내새마을회,2020-08-20,,
송광면,구표남자경로당,송광면,구룡,1108-1,1988,35.64,,최판돌,2020-08-20,,
송광면,구표여자경로당,송광면,구룡,1103-3,2003,78.48,261,순천시송광구표마을회,2020-08-20,,
승주읍,저동경로당,승주읍,남강,1102-1,2003,60.06,202,남강리저동마을회,2020-08-20,,
덕연동,명말경로당,연향동,,1091-1,2017,266.59,776,순천시,2020-08-20,,
월등면,갈평경로당,월등면,갈평,109-1,2012,108.03,614,갈전마을회,2020-08-20,,
승주읍,송전경로당,승주읍,신성,1083-3,1998,96.2,,"송전마을회외1인, (장양수)",2020-08-20,,
황전면,각문경로당,황전면,회룡,1060-1,2019,111.67,1348,순천시,2020-08-20,,
별량면,대치경로당,별량면,금치,1056-5,2005,68.88,,금치리대치마을회,2020-08-20,,
도사동,월곡남자경로당,덕월동,,1045-1,1999,68.31,342.66,월곡마을회,2020-08-20,,
도사동,월곡여자경로당,덕월동,,1045-1,1999,68.31,342.66,월곡마을회,2020-08-20,,
송광면,신흥경로당,송광면,신흥,104-4,1988,62.43,373,신흥마을회,2020-08-20,,
낙안면,심내경로당,낙안면,내운,104-2,2003,82.8,228,낙안면내운리심내마을회,2020-08-20,,
송광면,이읍남자경로당,송광면,이읍,1040-1,1972,68.17,609,이읍노인회,2020-08-20,,
송광면,이읍여자경로당,송광면,이읍,1040-1,2015,75.96,609,이읍노인회,2020-08-20,,
황전면,월산경로당,황전면,월산,103-1,2003,102.52,686,월산리새마을회,2020-08-20,,
별량면,무림경로당,별량면,봉림,1029-1,2003,77.28,307,무림마을회,2020-08-20,,
황전면,비촌경로당,황전면,비촌,1018-1,,59.5,,비촌마을회,2020-08-20,,
해룡면,마산경로당,해룡면,대안,1017-2,1995,152.37,,해룡면마산리새마을회,2020-08-20,,
향동,행금경로당,금곡동,,101-2,2005,81.54,150,순천시,2020-08-20,,
별량면,동막경로당,별량면,동송,100-1,2000,81.88,378,별량면동막새마을회,2020-08-20,,
황전면,선변경로당,황전면,선변,6-5,2002,82.47,,선변경로회,2020-08-20,,
해룡면,통천경로당,해룡면,선월,4-7,2019,115.905,635,통천경로당,2020-08-20,,
주암면,외광경로당,주암면,광천,3-26,2002,81.67,183,순천시,2020-08-20,,
황전면,복호경로당,황전면,비촌,2-23,2005,68,171,비촌리복호마을회,2020-08-20,,
덕연동,생목삼거리경로당,생목동,,2-23,2008,74.88,152.18,순천시,2020-08-20,,
서면,서면경로당,서면,동산,2-22,1986,139.32,,서면노인회,2020-08-20,,
도사동,청미래1차경로당,덕월동,,2-1,2004,66,,청미래주택주식회사,2020-08-20,,
별량면,송내경로당,별량면,송학,1-30,2007,98.22,591,송내마을회,2020-08-20,,
덕연동,생목현대아파트경로당,생목동,,1-28,1991,90.45,,생목현대아파트,2020-08-20,,
황전면,봉덕경로당,황전면,봉덕,1-27,2005,70.65,330,순천시황전면봉덕마을회,2020-08-20,,
중앙동,중앙경로당,동외동,,1-26,2015,68.79,115,순천시,2020-08-20,,
황전면,월전경로당,황전면,괴목,1-9,2001,87.06,,월전양로당,2020-08-20,,
도사동,청미래3차경로당,덕월동,,1-9,2007,56,,청미래3차,2020-08-20,,
덕연동,신화경로당,덕암동,,1-6,1994,57.04,104.72,신화경로당,2020-08-20,,
향동,행동경로당,행동,,97-1,1987,87.78,,순천시,2020-08-20,,
주암면,주암용두경로당,주암면,운룡,94-2,2006,93.6,300,운용리용두마을회,2020-08-20,,
별량면,용두경로당,별량면,구룡,94-2,2005,219.12,572,용두마을번영회,2020-08-20,,
월등면,장척경로당,월등면,월용,88-1,2003,73.38,,장척마을회,2020-08-20,,
서면,구룡경로당,서면,지본,87-11,2004,84.48,212,순천시서면지본리구룡마을회,2020-08-20,,
월등면,유평경로당,월등면,신월,83-1,2005,97.83,628,유평리새마을회,2020-08-20,,
승주읍,신창경로당,승주읍,신학,82-5,2000,66,163,승주읍신창마을회,2020-08-20,,
서면,용림경로당,서면,압곡,81-7,2005,88.5,,서면용림새마을회,2020-08-20,,
별량면,송기경로당,별량면,송기,80-1,1998,87.63,301,송기마을경로회,2020-08-20,,
별량면,반곡경로당,별량면,봉림,77-5,1997,98.52,408,반곡새마을회,2020-08-20,,
월등면,월곡경로당,월등면,운월,77-1,2003,70,179,월등면월곡마을회,2020-08-20,,
주암면,광락경로당,주암면,광천,75-1,2012,78,316,주암면광천리내광마을회,2020-08-20,,
상사면,비촌경로당,상사면,비촌,75-1,2009,110,408,박병선외 1명,2020-08-20,,
덕연동,기로경로당,덕암동,,75-1,2014,143.87,442,순천시,2020-08-20,,
낙안면,상송경로당,낙안면,상송,74-4,2003,105.36,502,상송마을회외1인(김다례),2020-08-20,,
주암면,용강경로당,주암면,복다,73-5,2005,90.72,,복다리용강마을회,2020-08-20,,
낙안면,남내여자경로당,낙안면,남내,70-5,1960,64.7,,"신천우외4인(임성일,박동일,선현규,선정호)",2020-08-20,,
낙안면,운동여자경로당,낙안면,내운,70-5,1995,40.32,96,내운리운동마을회,2020-08-20,,
황전면,내임선경로당,황전면,모전,68-4,2011,77.22,276,황전내임선마을회,2020-08-20,,
주암면,오원경로당,주암면,죽립,62-10,2006,90,187.5,주암면죽림리오원마을회,2020-08-20,,
중앙동,학수경로당,동외동,,58-10,2005,47.36,76,정종하외1인(공정대),2020-08-20,,
주암면,무학경로당,주암면,어왕,57-5,2005,98.64,286,어왕리무학마을회,2020-08-20,,
서면,구만경로당,서면,구만,57-1,1978,105.7,,국(건설교통부),2020-08-20,,
매곡동,매산경로당,매곡동,,56-4,1963,35.04,,김현숙,2020-08-20,,
장천동,순천경로당,장천동,,55-10,1994,165.7,294.96,순천경로당,2020-08-20,,
낙안면,하송경로당,낙안면,하송,55-5,2005,79.38,200,낙안면하송리마을,2020-08-20,,
저전동,저전제일경로당,저전동,,55-1,2019,92.4,343,순천시,2020-08-20,,
낙안면,내운경로당,낙안면,내운,51-1,2001,73.08,439,내운노인회,2020-08-20,,
해룡면,당두경로당,해룡면,호두,50-5,1998,99.57,286,호두리당두마을회,2020-08-20,,
승주읍,서정경로당,승주읍,서평,47-1,1985,196.45,,서정마을회,2020-08-20,,
서면,입석경로당,서면,죽평,44-1,2004,89.19,491,서면입석마을회,2020-08-20,,
해룡면,소안경로당,해룡면,대안,43-1,2004,132.47,383.4,해룡면소안마을새마을회,2020-08-20,,
월등면,농곡경로당,월등면,농선,41-1,1993,49.98,,농곡마을회,2020-08-20,,
상사면,회룡경로당,상사면,용암,38-5,2002,89.22,253,김귀남,2020-08-20,,
도사동,월평경로당,인월동,,36-1,2004,66.6,,인월동월평마을회외1인(정화옥),2020-08-20,,
해룡면,신대중흥에스클래스1단지경로당,해룡면,신대,2103,2012,172.49,,신대중흥에스클래스1차아파트,2020-08-20,,
송광면,월은경로당,송광면,장안,2091,2004,77.71,514,장안리월은마을회,2020-08-20,,
해룡면,신대중흥에스클래스2단지경로당,해룡면,신대,2039,2013,195.3,,세흥건설주식회사외 2명,2020-08-20,,
해룡면,신대중흥에스클래스3단지경로당,해룡면,신대,2004,2014,217,,중흥에스클래스개발주식회사외 2명,2020-08-20,,
해룡면,신대중흥에스클래스5단지경로당,해룡면,신대,2003,2014,224,,합자회사중흥주택,2020-08-20,,
해룡면,신대중흥에스클래스7단지경로당,해룡면,신대,1970,2018,200.81,162,신대중흥에스클래스7단지아파트,2020-08-20,,
해룡면,메가타운경로당,해룡면,신대,1968,2015,273,85325.2,합자회사중흥주택외 1명,2020-08-20,,
왕조2동,조례연동대주1차파크빌경로당,조례동,,1820,2003,120,,대한건설주식회사,2020-08-20,,
왕조2동,중흥3차아파트경로당,조례동,,1804,1999,65.34,,합자회사중흥주택,2020-08-20,,
왕조2동,왕지아파트경로당,조례동,,1803,1999,65.74,,주식회사부영,2020-08-20,,
왕조2동,왕지현대1차아파트경로당,조례동,,1802,1998,82.567,,현대산업개발주식회사외 4명,2020-08-20,,
왕조2동,왕지현대2차아파트경로당,조례동,,1801,1999,91.8,,현대건설주식회사,2020-08-20,,
왕조2동,송촌프라임아파트경로당,조례동,,1800,2001,71.25,,송촌건설주식회사,2020-08-20,,
덕연동,연향송보파인빌경로당,연향동,,1746,2015,108.207,,송보건설주식회사,2020-08-20,,
덕연동,연향3지구 백세경로당,연향동,,1682,2016,568.46,1092.1,순천시,2020-08-20,,
왕조1동,조례주공7단지경로당,조례동,,1668,1996,127.1,,조례주공7단지,2020-08-20,,
왕조1동,조례효자원경로당,조례동,,1666,2003,116.61,,조례효자원,2020-08-20,,
왕조1동,봉화그린빌경로당,조례동,,1661,1999,65.21,,대한주택공사,2020-08-20,,
덕연동,대주피오레경로당,연향동,,1659,2006,73.5,,대주건설주식회사,2020-08-20,,
덕연동,블루시안경로당,연향동,,1658,2006,46.98,,유한회사중도하우징,2020-08-20,,
왕조1동,조례주공8단지경로당,조례동,,1658,1996,25.92,,조례주공8단지,2020-08-20,,
덕연동,율산에코지오경로당,연향동,,1631,2004,72,,주식회사부영,2020-08-20,,
왕조2동,중흥1차아파트경로당,조례동,,1630,1996,54,,중흥1차아파트,2020-08-20,,
왕조2동,금당대림아파트경로당,조례동,,1629,1994,64,,금당대림아파트,2020-08-20,,
덕연동,연향2차호반리젠시빌경로당,연향동,,1628,2002,70,,리젠시빌주식회사,2020-08-20,,
왕조2동,부영5차아파트경로당,조례동,,1612,1995,79.35,,주식회사부영,2020-08-20,,
왕조2동,금당2차중흥경로당,조례동,,1611,1995,54,,금당2차중흥,2020-08-20,,
왕조2동,동신1차아파트경로당,조례동,,1610,1994,68.4,,주식회사동신주택외 1명,2020-08-20,,
왕조2동,부영8차아파트경로당,조례동,,1609,1997,132.6,,주식회사부영,2020-08-20,,
왕조2동,조례금당대주아파트경로당,조례동,,1608,1995,70,,조례금당대주아파트,2020-08-20,,
왕조2동,조례동신2차아파트경로당,조례동,,1607,1998,104,,조례동신2차아파트,2020-08-20,,
덕연동,중흥파크경로당,연향동,,1515,2001,86,,합자회사중흥주택,2020-08-20,,
왕조1동,조례3단지아파트경로당,조례동,,1489,1988,97.24,,조례3단지아파트,2020-08-20,,
왕조1동,석호가람휘경로당,조례동,,1450,2003,111,,주식회사석호,2020-08-20,,
덕연동,대석경로당,연향동,,1441,2006,84.2,21133.7,순천시,2020-08-20,,
덕연동,금호타운경로당,연향동,,1387,1995,210.38,,주식회사금호건설외 1명,2020-08-20,,
덕연동,부영2차아파트경로당,연향동,,1386,1992,123,,주식회사부영,2020-08-20,,
덕연동,연향현대1차아파트경로당,연향동,,1378,1993,173.07,,연향현대1차아파트,2020-08-20,,
왕조1동,조례5차현대아파트경로당,조례동,,1362,2000,93,,조례5차현대아파트,2020-08-20,,
왕조1동,조례대림2차아파트경로당,조례동,,1362,1994,116.4,,조례대림2차아파트,2020-08-20,,
왕조1동,조례주공4단지경로당,조례동,,1348,1993,161.49,,대한주택공사,2020-08-20,,
왕조1동,조례주공6단지경로당,조례동,,1348,1995,64,,전라남도(교육감),2020-08-20,,
승주읍,백현경로당,승주읍,도정,1347,1971,48.84,95,백현마을회,2020-08-20,,
덕연동,동성경로당,연향동,,1347,1995,151.2,,동성아파트,2020-08-20,,
덕연동,동부아파트경로당,연향동,,1346,1991,155.52,,조익선외 2명,2020-08-20,,
덕연동,대우아파트경로당,연향동,,1345,1992,59,,대우아파트,2020-08-20,,
덕연동,현대2차아파트경로당,연향동,,1344,1994,129.24,,현대건설주식회사,2020-08-20,,
도사동,지정경로당,덕월동,,1327,,72,,국(농림부),2020-08-20,,
왕조1동,우명경로당,조례동,,1288,2013,110.33,348,순천시,2020-08-20,,
주암면,용곡경로당,주암면,오산,1177,2006,60.29,301.96,주암면용곡마을회,2020-08-20,,
서면,빛찬들아파트경로당,서면,선평,1092,2017,6377,27373,한국토지주택공사,2020-08-20,,
서면,라송센트럴카운티아파트경로당,서면,선평,1089,2012,106.8,,라송산업주식회사,2020-08-20,,
서면,배들마을아파트경로당,서면,선평,1087,2001,108.88,,배들마을아파트,2020-08-20,,
서면,당천경로당,서면,운평,1080,2005,99.48,366,순천시서면당천리마을회,2020-08-20,,
송광면,장안여자경로당,송광면,장안,1075,2001,57.99,,장안마을회,2020-08-20,,
왕조1동,조례장미경로당,조례동,,1030,1989,44.1,,명지개발주식회사,2020-08-20,,
서면,선평경로당,서면,선평,1026,1999,91.36,,서면선평마을회,2020-08-20,,
외서면,송곡경로당,외서면,월암,1011,1996,68.67,377,송곡마을회,2020-08-20,,
삼산동,신기경로당,가곡동,,998,1997,97.91,1980.1,순천시,2020-08-20,,
승주읍,월내경로당,승주읍,월계,994,1998,70.45,281,원월내,2020-08-20,,
승주읍,성산경로당,승주읍,신성,982,2009,73,516.94,성산마을성청회,2020-08-20,,
도사동,진아리채경로당,오천동,,982,2017,113.36,,진아건설주식회사,2020-08-20,,
삼산동,가곡시영아파트경로당,가곡동,,972,1991,37.5,,가곡시영아파트,2020-08-20,,
서면,수촌경로당,서면,구만,962,2006,78.48,279,수촌마을회,2020-08-20,,
삼산동,고지경로당,가곡동,,962,2005,91.6,198,순천시,2020-08-20,,
도사동,골드경로당,오천동,,954,2016,142.2,,골드디움주식회사,2020-08-20,,
도사동,대광지에이경로당,오천동,,952,2016,112,,주식회사디케이개발,2020-08-20,,
서면,북차경로당,서면,동산,951,2007,61.29,124,서면동산리북차마을회,2020-08-20,,
도사동,호반베르디움2차그린파크아파트경로당,오천동,,951,2017,114.72,,디에스자산개발주식회사,2020-08-20,,
해룡면,대광로제비앙2차경로당,해룡면,상삼,929,2016,174.52,,주식회사삼덕건설,2020-08-20,,
승주읍,용계경로당,승주읍,월계,901,1994,58.32,149,월계리용계마을,2020-08-20,,
삼산동,향림현대아파트경로당,석현동,,896,1991,88.8,,서진개발주식회사,2020-08-20,,
왕조1동,두산위브2단지경로당,왕지동,,894,2011,116.37,,주식회사해국필지앤씨외 1명,2020-08-20,,
별량면,봉덕경로당,별량면,봉림,861,2004,95.4,337,순천시별량면봉림리봉덕번영회,2020-08-20,,
황전면,미초경로당,황전면,덕림,860,2006,71.75,460,미초마을회,2020-08-20,,
도사동,한경아파트경로당,오천동,,855,2007,83,,한경아파트,2020-08-20,,
왕조1동,대림공영아파트경로당,조례동,,851,1992,134,,대림공영아파트,2020-08-20,,
외서면,신촌경로당,외서면,금성,846,2005,73.92,248,금성신촌마을회,2020-08-20,,
왕조1동,롯데캐슬아파트경로당,왕지동,,844,2009,149.05,,롯데캐슬아파트,2020-08-20,,
도사동,선암경로당,덕월동,,843,2008,117.3,574,선암마을회,2020-08-20,,
도사동,선암여자경로당,덕월동,,843,2008,117.3,574,선암마을회,2020-08-20,,
왕조1동,조례시영아파트경로당,조례동,,840,1992,31.83,,조례시영아파트,2020-08-20,,
별량면,간동경로당,별량면,우산,821,1999,78.5,197.9,별량면우산리간동마을회,2020-08-20,,
승주읍,고산경로당,승주읍,도정,818,2005,70,218,도정리고산마을회,2020-08-20,,
도사동,대동여자경로당,대룡동,,807,2005,60.48,172,대룡동대동마을회,2020-08-20,,
왕조1동,조례신월경로당,조례동,,807,2000,170.43,321,신월부락새마을회,2020-08-20,,
왕조1동,시대아파트경로당,조례동,,766,1992,141.75,,시대종합건설주식회사,2020-08-20,,
삼산동,덕진순천의봄아파트경로당,용당동,,756,2019,118.025,,덕진종합건설주식회사,2020-08-20,,
송광면,대흥경로당,송광면,대흥,753,2001,68.56,,"방규혁,박병연",2020-08-20,,
별량면,우명경로당,별량면,학산,753,2004,74.8,281,순천시별량면학산리우명마을회,2020-08-20,,
도사동,교량경로당,교향동,,746,2018,55.67,101.82,교량마을회,2020-08-20,,
낙안면,수정경로당,낙안면,목촌,745,2004,77.85,296.03,"나태수외3인(최귀동,나귀동,김복심)",2020-08-20,,
상사면,기동경로당,상사면,초곡,736,2006,60,151,상사기동마을회,2020-08-20,,
승주읍,강촌경로당,승주읍,구강,729,2003,75.24,1079,구강리,2020-08-20,,
송광면,송죽경로당,송광면,후곡,721,1999,88.92,585,후곡마을번영회,2020-08-20,,
황전면,하검경로당,황전면,죽청,697,2003,70,179,황전면하검마을회,2020-08-20,,
해룡면,송촌파인힐아파트경로당,해룡면,상삼,696,1999,99.64,,송촌건설주식회사,2020-08-20,,
해룡면,우미1차아파트경로당,해룡면,상삼,694,1993,180,,주식회사한국토지신탁,2020-08-20,,
해룡면,청솔2차아파트경로당,해룡면,상삼,694,2001,79.62,,주식회사한국토지신탁,2020-08-20,,
해룡면,청솔1차아파트경로당,해룡면,상삼,691,2001,79.62,,주식회사한국토지신탁,2020-08-20,,
도사동,동편여자경로당,대대동,,691,2014,62.51,435,순천시대대동동편마을회,2020-08-20,,
황전면,구룡경로당,황전면,덕림,686,2006,91.88,370,황전면구룡마을발전추진위원회,2020-08-20,,
승주읍,괴목경로당,승주읍,죽학,682,1995,90,172,죽학리괴목마을회,2020-08-20,,
송광면,왕대경로당,송광면,삼청,669,2003,50.87,317,"조옥환외2인(조지훈,박봉식)",2020-08-20,,
해룡면,부영6차아파트경로당,해룡면,상삼,661,1995,99036,,주식회사부영,2020-08-20,,
해룡면,부영7차아파트경로당,해룡면,상삼,660,1996,98.4,,부영7차아파트,2020-08-20,,
해룡면,부영3차아파트경로당,해룡면,상삼,657,1995,149.04,,주식회사동광주택,2020-08-20,,
주암면,백록경로당,주암면,백록,655,2017,83.25,466,백록리,2020-08-20,,
해룡면,우미2차아파트경로당,해룡면,상삼,653,1994,193.44,,주식회사우미주택,2020-08-20,,
해룡면,부영9차아파트경로당,해룡면,상삼,652,1997,62.4,,주식회사부영,2020-08-20,,
삼산동,가곡신영아파트경로당,가곡동,,646,1994,19.95,,주식회사신영주택,2020-08-20,,
승주읍,평지경로당,승주읍,평중,645,1994,105.6,313,승주읍평중리평지마을,2020-08-20,,
서면,송내경로당,서면,청소,638,2005,72.84,602,청소리송내마을회,2020-08-20,,
주암면,궁각경로당,주암면,궁각,623,2004,86.38,363,정병규외5인,2020-08-20,,
해룡면,와온경로당,해룡면,상내,619,2006,147.2,821,와온어촌계,2020-08-20,,
낙안면,화목경로당,낙안면,평사,616,2001,66.6,367,화목새마을회,2020-08-20,,
외서면,하고경로당,외서면,월암,613,1999,77.34,304,이복동외1인 (김정남),2020-08-20,,
외서면,하율경로당,외서면,쌍율,609,2003,76.14,294,신갑례외1인 (강대관),2020-08-20,,
왕조1동,범암경로당,왕지동,,606,2009,102.77,232,순천시,2020-08-20,,
해룡면,구동경로당,해룡면,농주,605,2008,84.42,416,농주새마을회,2020-08-20,,
삼산동,향림골경로당,석현동,,594,2018,93.62,1579,순천시,2020-08-20,,
승주읍,서동경로당,승주읍,신성,592,1995,78,162,승주서동마을회,2020-08-20,,
승주읍,두모경로당,승주읍,두월,587,2000,48,308,두모마을마을회,2020-08-20,,
송광면,오룡경로당,송광면,구룡,587,2005,74.37,532,순천시송광면구룡리오룡마을회,2020-08-20,,
주암면,천평경로당,주암면,창촌,586,2003,70,635,천평마을회,2020-08-20,,
주암면,상어경로당,주암면,어왕,585,2005,77.58,575,어왕리상어마을회,2020-08-20,,
삼산동,용당동아아파트경로당,용당동,,570,1991,55.98,,용당동아아파트,2020-08-20,,
조곡동,금강메트로빌경로당,조곡동,,566,2002,132,132,금강종합건설주식회사,2020-08-20,,
주암면,접치경로당,주암면,행정,563,1986,52,264,접치리,2020-08-20,,
왕조1동,조례동아아파트경로당,조례동,,560,1993,155.52,,조례동아아파트,2020-08-20,,
별량면,구룡경로당,별량면,구룡,550,1988,83.18,,순천시별량면구룡새마을회,2020-08-20,,
왕조1동,남양휴튼경로당,조례동,,550,2006,133,,주식회사원당필하우징외 2명,2020-08-20,,
승주읍,등계경로당,승주읍,봉덕,542,2002,84,255,등계마을회,2020-08-20,,
송광면,산척여자경로당,송광면,봉산,539,1889,38.6,,봉산리농업협동조합,2020-08-20,,
월등면,외동경로당,월등면,계월,539,1997,66,311,방창혁,2020-08-20,,
남제동,남제경로당,남정동,,533,2017,72,1455.5,순천시,2020-08-20,,
도사동,간동경로당,안풍동,,532,1998,72.56,539,간동새마을회,2020-08-20,,
서면,죽동경로당,서면,운평,530,2007,72.55,225,서면운평리죽동마을회,2020-08-20,,
삼산동,향림현대2차아파트경로당,석현동,,525,1993,59.7,,향림현대2차아파트,2020-08-20,,
도사동,대대경로당,대대동,,525,2012,118.9,319.45,순천시대대남자노인회,2020-08-20,,
상사면,동백경로당,상사면,흘산,519,2004,74.9,,동백새마을회,2020-08-20,,
조곡동,정원넥스빌아파트경로당,조곡동,,512,2003,113.8,113.8,정원넥스,2020-08-20,,
서면,압곡경로당,서면,압곡,509,2012,78.03,1236,압곡리압곡마을회,2020-08-20,,
월등면,섬계경로당,월등면,월림,508,2005,82.47,480,섬계마을회,2020-08-20,,
승주읍,사현경로당,승주읍,서평,501,2007,71.28,190,순천시,2020-08-20,,
송광면,상이읍경로당,송광면,이읍,497,2007,90.72,,상이읍노인정,2020-08-20,,
주암면,구산여자경로당,주암면,구산,482,2005,78.86,487,주암면구산마을회,2020-08-20,,
황전면,덕림경로당,황전면,덕림,471,1998,70.12,196,덕림마을회,2020-08-20,,
서면,덕진경로당,서면,비월,465,2016,65.52,221,덕진발전회,2020-08-20,,
황전면,용서경로당,황전면,금평,458,1985,53.5,93,용서마을회,2020-08-20,,
주암면,고산경로당,주암면,고산,452,2000,76.95,304,송원환산,2020-08-20,,
월등면,이문경로당,월등면,계월,448,2006,83.07,330,이문마을회,2020-08-20,,
황전면,덕계경로당,황전면,봉덕,436,1992,36.45,,덕계마을회,2020-08-20,,
승주읍,남암경로당,승주읍,월계,432,2005,70.65,301,순천시,2020-08-20,,
삼산동,피오레경로당,용당동,,431,2012,73.94,,용당대주피오레아파트,2020-08-20,,
서면,동산경로당,서면,동산,430,2005,84.92,245.35,서면동산리마을회외 1명(김경운),2020-08-20,,
삼산동,가곡대주아파트경로당,가곡동,,429,1996,39.75,,가곡대주아파트,2020-08-20,,
해룡면,신원아르시스경로당,해룡면,상삼,428,2007,92.4,,주식회사신한주택개발,2020-08-20,,
송광면,봉산경로당,송광면,봉산,425,1992,26.74,,송광면봉산리경노회,2020-08-20,,
외서면,도신경로당,외서면,도신,420,1967,94.24,347,박양래,2020-08-20,,
황전면,저촌경로당,황전면,평촌,419,2003,71.56,278,평촌리저촌마을회,2020-08-20,,
덕연동,신기경로당,덕암동,,412,2013,108.86,672,순천시,2020-08-20,,
서면,구상경로당,서면,구상,411,2004,102.24,364,서면구상새마을회,2020-08-20,,
도사동,야흥여자경로당,야흥동,,395,2007,88.54,763,순천시야흥마을회,2020-08-20,,
주암면,창촌경로당,주암면,창촌,385,2004,102.22,584,창촌마을회,2020-08-20,,
낙안면,이곡경로당,낙안면,이곡,382,1989,42,,이곡노인회,2020-08-20,,
낙안면,동림경로당,낙안면,신기,381,2002,75.52,274.03,이창근,2020-08-20,,
월등면,화정경로당,월등면,갈평,380,1997,68,208,월등화정마을회,2020-08-20,,
승주읍,내동경로당,승주읍,서평,370,1994,83.52,289.24,손정현,2020-08-20,,
낙안면,간원경로당,낙안면,창녕,362,2006,82.56,311,김능오,2020-08-20,,
주암면,감성경로당,주암면,갈마,359,2000,76.95,308.72,감성마을회,2020-08-20,,
도사동,호산경로당,덕월동,,344,1989,196.53,457,순천시,2020-08-20,,
남제동,성진아파트경로당,인제동,,342,1991,35.05,,성진아파트,2020-08-20,,
남제동,남정현대아파트경로당,남정동,,335,1991,51,,남정현대아파트,2020-08-20,,
별량면,화산경로당,별량면,죽산,334,2005,85.3,215,화산새마을회,2020-08-20,,
서면,둔대경로당,서면,구만,330,1984,75.24,354,서면둔대마을회,2020-08-20,,
황전면,금평경로당,황전면,금평,316,2000,66.12,379,손정국,2020-08-20,,
상사면,미곡경로당,상사면,도월,304,2005,74.66,200,순천시,2020-08-20,,
별량면,학서경로당,별량면,학산,297,2003,77.28,317.4,학서마을회,2020-08-20,,
상사면,당촌경로당,상사면,흘산,286,2000,91.25,268,흘산리,2020-08-20,,
월등면,명산경로당,월등면,월용,268,2003,72.75,185,이항근,2020-08-20,,
서면,청소경로당,서면,청소,259,2013,81.36,271,서면청소리마을회,2020-08-20,,
삼산동,석현경로당,석현동,,255,1989,74.25,,순천시,2020-08-20,,
낙안면,화원경로당,낙안면,상송,254,2000,68.56,218,상송리화원마을회,2020-08-20,,
서면,장척경로당,서면,학구,240,2007,78.8,280,학구리장척마을회,2020-08-20,,
저전동,저전새마을남자경로당,저전동,,238,1982,180.15,824.1,순천시,2020-08-20,,
저전동,저전새마을여자경로당,저전동,,238,1982,180.15,824.1,순천시,2020-08-20,,
삼산동,중흥파크맨션경로당,석현동,,235,1996,33,,합자회사중흥주택,2020-08-20,,
황전면,도롱경로당,황전면,대치,229,2008,85.5,357,도롱새마을회,2020-08-20,,
황전면,용두경로당,황전면,선변,222,1995,35.91,,"최남석외2인(천병섭,천유복)",2020-08-20,,
주암면,한곡경로당,주암면,한곡,221,1996,91.77,532,한곡리한곡마을회,2020-08-20,,
송광면,덕산경로당,송광면,덕산,221,1996,92.08,443,덕산노인회,2020-08-20,,
삼산동,용당삼성아파트경로당,용당동,,215,1993,125.6,,삼성건설주식회사외 1명,2020-08-20,,
별량면,송산경로당,별량면,송기,209,1983,94.95,829,송산경로회,2020-08-20,,
남제동,남정경로당,남정동,,203,2002,36,113.2,순천시,2020-08-20,,
주암면,비룡경로당,주암면,비룡,193,2006,83.64,350,주암면기룡마을회,2020-08-20,,
남제동,인제경로당,인제동,,191,2004,102.33,173.52,순천시,2020-08-20,,
저전동,우리들경로당,저전동,,172,2005,60.06,95.5,순천시,2020-08-20,,
낙안면,석정경로당,낙안면,석흥,169,2002,75.52,539,석흥리,2020-08-20,,
향동,옥천남자경로당,옥천동,,153,1998,47.3,92,상호계,2020-08-20,,
향동,옥천여자경로당,옥천동,,153,1998,47.3,92,상호계,2020-08-20,,
별량면,금천경로당,별량면,무푼,144,2008,109.22,249,금천마을회,2020-08-20,,
서면,학동경로당,서면,흥대,144,2008,71.62,182,흥대리학동마을회,2020-08-20,,
송광면,효정경로당,송광면,대흥,139,2001,68.56,430,,2020-08-20,,
황전면,외구마을경로당,황전면,봉덕,116,2003,86.68,258,황전면봉덕리외구마을회,2020-08-20,,
황전면,본황경로당,황전면,황학,115,2003,83.9,673,본황마을회,2020-08-20,,
별량면,원산경로당,별량면,죽산,114,1994,72.33,182,최향자,2020-08-20,,
주암면,월봉경로당,주암면,비룡,105,2007,60.24,417,주암면비룡리월봉마을회,2020-08-20,,
향동,순천경로당,영동,,103,2001,102.29,243.54,양노당,2020-08-20,,
해룡면,월전경로당,해룡면,월전,85,2002,82.47,376,월전마을주민회,2020-08-20,,
별량면,진목경로당,별량면,쌍림,74,2002,68.4,549,최락서,2020-08-20,,
덕연동,생목경로당,생목동,,72,1987,137.23,299,순천시,2020-08-20,,
송광면,외송경로당,송광면,신평,69,2008,83.4,233,대한불교조계종송광사,2020-08-20,,
승주읍,죽학경로당,승주읍,죽학,68,1998,78.58,182,죽림마을회,2020-08-20,,
덕연동,벽산첼시빌 경로당,생목동,,59,2000,225.45,,서옥기,2020-08-20,,
왕조1동,대동경로당,왕지동,,47,2009,74.7,366,순천시,2020-08-20,,
별량면,수덕경로당,별량면,덕정,42,1999,89.1,327,수덕새마을회,2020-08-20,,
낙안면,남내경로당,낙안면,남내,38,1975,125.9,,"조용현외3인(김만서, 박우현,이장선)",2020-08-20,,
별량면,창산경로당,별량면,마산,35,2006,121.72,,창산마을회,2020-08-20,,
삼산동,망북경로당,용당동,,32,1995,75.84,246.65,망북부락회관,2020-08-20,,
황전면,괴목여자경로당,황전면,괴목,23,1983,87.78,,괴목새마을회,2020-08-20,,
송광면,오봉경로당,송광면,오봉,22,2004,68.42,344,정광태,2020-08-20,,
향동,노변경로당,삼거동,,12,2006,78.77,688,노변부락마을회,2020-08-20,,
삼산동,석현주공아파트,석현동,,7,2008,65.2,,대한주택공사,2020-08-20,,
