읍면명,경로당명,경로당 주소,건축연도,부지면적,대표자,데이터기준일자
해남읍,LH아파트경로당,전라남도 해남군 해남읍 교육청길 41,2014,113.02,손정용,2022-03-31
해남읍,고도경로당,전라남도 해남군 해남읍 중앙2로 99-8,1998,103.28,이성경,2022-03-31
해남읍,고수경로당,전라남도 해남군 해남읍 고수길 28,1996,91.08,김정옥,2022-03-31
해남읍,공간아파트경로당,전라남도 해남군 해남읍 구교2길 42,2002,94.21,이봉림,2022-03-31
해남읍,관동경로당,전라남도 해남군 해남읍 읍관동길 55,1997,44.17,오주형,2022-03-31
해남읍,구교경로당,전라남도 해남군 해남읍 구교1길 22,1998,66.1,김정량,2022-03-31
해남읍,구교주공1차경로당,전라남도 해남군 해남읍 북부순환로 175,2003,173.88,민경수,2022-03-31
해남읍,구교주공2차경로당,전라남도 해남군 해남읍 구교3길 26,2002,56.27,모문현,2022-03-31
해남읍,기동경로당,전라남도 해남군 해남읍 기동길 210,2001,69,유재옥,2022-03-31
해남읍,길호경로당,전라남도 해남군 해남읍 길호길 53,1998,121.5,김점동,2022-03-31
해남읍,남동경로당,전라남도 해남군 해남읍 남동길 19-1,1996,68.55,이완탁,2022-03-31
해남읍,남송경로당,전라남도 해남군 해남읍 남송1길 19,1997,70.84,박재웅,2022-03-31
해남읍,남외경로당,전라남도 해남군 해남읍 남외1길 35,1996,87.07,배상율,2022-03-31
해남읍,남천경로당,전라남도 해남군 해남읍 남천길 38,1996,79.3,오복록,2022-03-31
해남읍,다우아파트경로당,전라남도 해남군 해남읍 동초길 15,2009,60,민경복,2022-03-31
해남읍,명지경로당,전라남도 해남군 해남읍 교육청길 26,2004,43.08,강윤빈,2022-03-31
해남읍,백두3차경로당,전라남도 해남군 해남읍 교육청길 23 (백두 3차 아파트),2020,81,이병채,2022-03-31
해남읍,백야경로당,전라남도 해남군 해남읍 백야길 28,1997,66,성주정,2022-03-31
해남읍,복평경로당,전라남도 해남군 해남읍 복평길 2,1996,82.47,김장옥,2022-03-31
해남읍,부호경로당,전라남도 해남군 해남읍 내사길 656,2000,56.02,김영균,2022-03-31
해남읍,부흥경로당,전라남도 해남군 해남읍 부흥길 72,1998,63,이병연,2022-03-31
해남읍,새시대아파트경로당,"전라남도 해남군 해남읍 구교2길 36, 상가동 2층 (새시대맨션)",2018,45.5,김인동,2022-03-31
해남읍,서성경로당,전라남도 해남군 해남읍 서성1길 18,1998,66.03,백형권,2022-03-31
해남읍,성내경로당,전라남도 해남군 해남읍 성내길 13,2001,43,민정신,2022-03-31
해남읍,성동경로당,전라남도 해남군 해남읍 성동1길 18,1989,87.3,박병억,2022-03-31
해남읍,성동여자경로당,전라남도 해남군 해남읍 성동1길 18,2014,39.36,백동심,2022-03-31
해남읍,성화누리안아파트경로당,전라남도 해남군 해남읍 해리3길 6 (성화누리안아파트),2014,189.1,강신복,2022-03-31
해남읍,송용경로당,전라남도 해남군 해남읍 용머리길 109,1997,75.9,김진석,2022-03-31
해남읍,수성1경로당,전라남도 해남군 해남읍 향교길 14,1998,42.78,박수흠,2022-03-31
해남읍,수성2경로당,전라남도 해남군 해남읍 북부순환로 126-7,1996,79.32,이해옥,2022-03-31
해남읍,수성여자경로당,전라남도 해남군 해남읍 수성2길 11-5,1991,79.3,이정순,2022-03-31
해남읍,신리경로당,전라남도 해남군 해남읍 내사길 558,1997,49.6,오재식,2022-03-31
해남읍,신명아파트 경로당,전라남도 해남군 해남읍 남동천길 100,2010,21,정정배,2022-03-31
해남읍,신안경로당,전라남도 해남군 해남읍 신안길 64-22,2001,67,장인덕,2022-03-31
해남읍,신안제일경로당,전라남도 해남군 해남읍 신안길 82,2019,67.7,방애정,2022-03-31
해남읍,안동경로당,전라남도 해남군 해남읍 안동길 24,1995,99.2,박종한,2022-03-31
해남읍,연동경로당,전라남도 해남군 해남읍 녹우당길 106-11,2000,78,박옥연,2022-03-31
해남읍,오천경로당,전라남도 해남군 해남읍 작오대길 27,1996,130.02,김명진,2022-03-31
해남읍,옥동경로당,전라남도 해남군 해남읍 읍옥동길 73,2001,82.8,안재근,2022-03-31
해남읍,온인경로당,전라남도 해남군 해남읍 온인길 36,1996,81.42,박윤수,2022-03-31
해남읍,용정경로당,전라남도 해남군 해남읍 용정길 7,1997,81.42,이영순,2022-03-31
해남읍,원정동경로당,전라남도 해남군 해남읍 원정동길 17,2009,76.41,배삼홍,2022-03-31
해남읍,월교경로당,전라남도 해남군 해남읍 응달길 22,2002,67,김유실,2022-03-31
해남읍,읍내경로당,전라남도 해남군 해남읍 천변2길 7,2010,53.2,최진수,2022-03-31
해남읍,장활경로당,전라남도 해남군 해남읍 내사길 508,1997,40,채정기,2022-03-31
해남읍,중앙경로당,전라남도 해남군 해남읍 홍교로 55-5,1996,76,장동심,2022-03-31
해남읍,코아루경로당,전라남도 해남군 해남읍 영빈로 81-17,2022,130.2,김남근,2022-03-31
해남읍,평남경로당,전라남도 해남군 해남읍 평남3길 5-8,2001,98.06,이하배,2022-03-31
해남읍,평동경로당,전라남도 해남군 해남읍 평동길 21,1989,59.5,김이남,2022-03-31
해남읍,하늘연가아파트경로당,"전라남도 해남군 해남읍 구교3길 37, 경로당동 (하늘연가가파트)",2014,115.83,이성우,2022-03-31
해남읍,학동경로당,전라남도 해남군 해남읍 읍학동길 20-3,1996,70,김승동,2022-03-31
해남읍,해남수성회경로당,전라남도 해남군 해남읍 수성2길 11-5,2006,79.3,윤덕현,2022-03-31
해남읍,해남읍분회경로당,전라남도 해남군 해남읍 서성1길 19,2005,180.75,주주원,2022-03-31
해남읍,해리경로당,전라남도 해남군 해남읍 북부순환로 57,1990,118.53,민경민,2022-03-31
해남읍,호천경로당,전라남도 해남군 해남읍 땅끝대로 45-30,2001,66,이해창,2022-03-31
삼산면,감당경로당,전라남도 해남군 삼산면 감당길 11,1997,71.22,이원진,2022-03-31
삼산면,계동경로당,전라남도 해남군 삼산면 계동길 1,1995,87.01,박용호,2022-03-31
삼산면,구림경로당,전라남도 해남군 삼산면 구림큰길 50,2000,91.29,김길배,2022-03-31
삼산면,금산경로당,전라남도 해남군 삼산면 금산큰길 33,1997,72.72,최정수,2022-03-31
삼산면,나범경로당,전라남도 해남군 삼산면 나범길 39,1994,90.31,조한기,2022-03-31
삼산면,농암경로당,전라남도 해남군 삼산면 농암길 20,1989,60.86,최용준,2022-03-31
삼산면,대흥경로당,전라남도 해남군 삼산면 대흥길 24,1997,44.62,양헌승,2022-03-31
삼산면,도토경로당,전라남도 해남군 삼산면 도토길 20-2,1993,61.75,서영자,2022-03-31
삼산면,매정경로당,전라남도 해남군 삼산면 매정길 16-6,1997,99.1,김동욱,2022-03-31
삼산면,목신경로당,전라남도 해남군 삼산면 목신길 46,1996,82.5,유채종,2022-03-31
삼산면,문화마을경로당,전라남도 해남군 삼산면 문화마을길 21,2021,112.49,조영일,2022-03-31
삼산면,봉학경로당,전라남도 해남군 삼산면 봉학길 85,1998,72.6,문종식,2022-03-31
삼산면,산림경로당,전라남도 해남군 삼산면 오소재로 774,1995,90,허광열,2022-03-31
삼산면,삼산면 장춘경로당,전라남도 해남군 삼산면 대흥사길 154,2019,132.36,서득종,2022-03-31
삼산면,삼산면분회경로당,전라남도 해남군 삼산면 고산로 534-5,1989,86.16,이광진,2022-03-31
삼산면,상가경로당,전라남도 해남군 삼산면 상가길 44,1998,66,한용덕,2022-03-31
삼산면,상금경로당,전라남도 해남군 삼산면 상금길 2,1995,66,김정옥,2022-03-31
삼산면,석당경로당,전라남도 해남군 삼산면 석당길 49-1,2003,82.95,신일안,2022-03-31
삼산면,송정경로당,전라남도 해남군 삼산면 송정길 15,2004,84.36,조건대,2022-03-31
삼산면,수림경로당,전라남도 해남군 삼산면 수림길 10-3,1997,78.2,장기상,2022-03-31
삼산면,시등경로당,전라남도 해남군 삼산면 시등안길 27,1997,73.32,안재현,2022-03-31
삼산면,신금경로당,전라남도 해남군 삼산면 신금길 29,1997,125.75,김양소,2022-03-31
삼산면,신기경로당,전라남도 해남군 삼산면 신기큰길 24,1993,103.5,이신열,2022-03-31
삼산면,신리경로당,전라남도 해남군 삼산면 충리길 37,1997,89.35,주종덕,2022-03-31
삼산면,신활경로당,전라남도 해남군 삼산면 신활길 11,1998,118.8,나상수,2022-03-31
삼산면,신흥경로당,전라남도 해남군 삼산면 신흥길 56,1993,82.5,박차석,2022-03-31
삼산면,옹암경로당,전라남도 해남군 삼산면 옹암길 17,1995,102.36,마내송,2022-03-31
삼산면,용두경로당,전라남도 해남군 삼산면 용두길 40,1995,71.13,윤중하,2022-03-31
삼산면,용전경로당,전라남도 해남군 삼산면 용전큰길 18,1997,66.24,허동채,2022-03-31
삼산면,원진경로당,전라남도 해남군 삼산면 원진길 24,1996,59.94,김주일,2022-03-31
삼산면,저산경로당,전라남도 해남군 삼산면 저산길 26,1998,49.05,황인정,2022-03-31
삼산면,중리경로당,전라남도 해남군 삼산면 중리큰길 46,1998,67.2,김태순,2022-03-31
삼산면,창리경로당,전라남도 해남군 삼산면 방축큰길 104,1998,76.38,이정헌,2022-03-31
삼산면,충리경로당,전라남도 해남군 삼산면 충리길 121,1997,98.08,임정애,2022-03-31
삼산면,평활경로당,전라남도 해남군 삼산면 평활길 24,1999,70.1,박종희,2022-03-31
삼산면,항리경로당,전라남도 해남군 삼산면 항리길 51,2002,69.44,이제국,2022-03-31
삼산면,화내경로당,전라남도 해남군 삼산면 화내큰길 46,1997,98.04,홍남표,2022-03-31
화산면,가장경로당,전라남도 해남군 화산면 가장길 28,2001,88.92,윤양남,2022-03-31
화산면,가좌경로당,전라남도 해남군 화산면 고천암로 410,2001,81.9,전준학,2022-03-31
화산면,갑길경로당,전라남도 해남군 화산면 갑길리길 53,2000,64.8,이용,2022-03-31
화산면,경도경로당,전라남도 해남군 화산면 경도길 56,2001,54.72,김복산,2022-03-31
화산면,관동경로당,전라남도 해남군 화산면 풍혈길 261,1989,68.99,김학석,2022-03-31
화산면,구성경로당,전라남도 해남군 화산면 구성리길 2,1998,98.28,서상임,2022-03-31
화산면,남부경로당,전라남도 해남군 화산면 송평로 575 (화산남부노인복지관),2013,111,이행록,2022-03-31
화산면,대지경로당,전라남도 해남군 화산면 대지큰길 59,2000,84.84,정규훈,2022-03-31
화산면,마명경로당,전라남도 해남군 화산면 화산초길 6-5,2001,60.31,명석병,2022-03-31
화산면,명금경로당,전라남도 해남군 화산면 명금길 17,1993,69.2,성수열,2022-03-31
화산면,명성경로당,전라남도 해남군 화산면 명성길 114,1978,78.05,김인봉,2022-03-31
화산면,무학경로당,전라남도 해남군 화산면 무학길 115,2001,69.48,임완배,2022-03-31
화산면,방축경로당,전라남도 해남군 화산면 방축길 43,1993,82.8,박종기,2022-03-31
화산면,봉저경로당,전라남도 해남군 화산면 봉저길 28,1998,65.78,이호배,2022-03-31
화산면,부길경로당,전라남도 해남군 화산면 부길리길 50,1998,67.1,박병욱,2022-03-31
화산면,사포경로당,전라남도 해남군 화산면 사포길 58,1989,76.3,권영록,2022-03-31
화산면,상마경로당,전라남도 해남군 화산면 삼마리 127,2009,62.6,박진배,2022-03-31
화산면,서부경로당,전라남도 해남군 화산면 무학길 2,1989,59.5,김진호,2022-03-31
화산면,석전경로당,전라남도 해남군 화산면 석전길 8-1,1998,66.6,김명옥,2022-03-31
화산면,석정경로당,전라남도 해남군 화산면 석정길 42,2001,64.8,박동식,2022-03-31
화산면,선창경로당,전라남도 해남군 화산면 선창길 9,2001,68,김주현,2022-03-31
화산면,송계경로당,전라남도 해남군 화산면 송계길 132-12,2002,66.11,황인숙,2022-03-31
화산면,송산경로당,전라남도 해남군 화산면 송산리길 43,1992,72,채수남,2022-03-31
화산면,송평경로당,전라남도 해남군 화산면 송평1길 7,1997,66.3,김광배,2022-03-31
화산면,시목경로당,전라남도 해남군 화산면 감낭골길 11,2001,61.3,박병춘,2022-03-31
화산면,신풍경로당,전라남도 해남군 화산면 신풍길 25,2001,71.82,이동식,2022-03-31
화산면,안정경로당,전라남도 해남군 화산면 안정길 33,1991,66.1,이근옥,2022-03-31
화산면,연곡경로당,전라남도 해남군 화산면 연곡길 85,1991,66.11,박정식,2022-03-31
화산면,연곡여자경로당,전라남도 해남군 화산면 연곡길 65-11,2018,76.54,전수인,2022-03-31
화산면,연정경로당,전라남도 해남군 화산면 연정길 69-4,2001,99.2,권정호,2022-03-31
화산면,용덕경로당,전라남도 해남군 화산면 용덕길 63-3,2001,86.34,윤규봉,2022-03-31
화산면,월호경로당,전라남도 해남군 화산면 월호길 9-14,2001,60.5,박일수,2022-03-31
화산면,율동경로당,전라남도 해남군 화산면 율동길 1,2001,63,윤배현,2022-03-31
화산면,은산경로당,전라남도 해남군 화산면 은산길 46,2001,64.5,최상기,2022-03-31
화산면,재동경로당,전라남도 해남군 화산면 재동길 9,2001,63.5,현인호,2022-03-31
화산면,좌일경로당,전라남도 해남군 화산면 좌일길 115,2002,65.5,채병원,2022-03-31
화산면,주천경로당,전라남도 해남군 화산면 주천길 55,2001,64.5,박재수,2022-03-31
화산면,중마경로당,전라남도 해남군 화산면 삼마리 산 175번지,2013,67.2,배태문,2022-03-31
화산면,중앙경로당,전라남도 해남군 화산면 송평로 25-7,1989,53.88,신복균,2022-03-31
화산면,중정경로당,전라남도 해남군 화산면 중정길 42,2001,62.4,이선룡,2022-03-31
화산면,탄동경로당,전라남도 해남군 화산면 탄동길 83,2001,66.5,이병복,2022-03-31
화산면,평발경로당,전라남도 해남군 화산면 평발길 27,2001,79.34,임병두,2022-03-31
화산면,하마경로당,전라남도 해남군 화산면 하마길 21,2013,58.4,전복이,2022-03-31
화산면,해창경로당,전라남도 해남군 화산면 해창길 42,2007,134.64,오일영,2022-03-31
화산면,호동경로당,전라남도 해남군 화산면 월율길 83-31,2003,68.2,김병일,2022-03-31
화산면,화산관동여자경로당,전라남도 해남군 화산면 풍혈길 259,2014,103.2,이경진,2022-03-31
화산면,화산면분회경로당,전라남도 해남군 화산면 송평로 21-6,1989,154,채홍기,2022-03-31
화산면,화산중앙여자경로당,전라남도 해남군 화산면 송평로 7-1,2009,59.5,박종례,2022-03-31
화산면,흑석경로당,전라남도 해남군 화산면 흑석리길 65,1998,72,윤경현,2022-03-31
현산면,경수경로당,전라남도 해남군 현산면 백방산길 318,2001,106.17,오동주,2022-03-31
현산면,고현경로당,전라남도 해남군 현산면 고현길 41,1996,34.47,장인조,2022-03-31
현산면,공북경로당,전라남도 해남군 현산면 탑동리길 119,2002,89.48,서남주,2022-03-31
현산면,구산경로당,전라남도 해남군 현산면 구산길 8-1,2001,82,박기남,2022-03-31
현산면,금제경로당,전라남도 해남군 현산면 금제길 34,2001,82,김일용,2022-03-31
현산면,덕흥경로당,전라남도 해남군 현산면 덕흥길 12,2002,66,김양임,2022-03-31
현산면,두모경로당,전라남도 해남군 현산면 백포리 716-1,1993,136.11,조장수,2022-03-31
현산면,만안경로당,전라남도 해남군 현산면 만안길 5,1997,119.13,정회상,2022-03-31
현산면,매화경로당,전라남도 해남군 현산면 매화길 49-9,2001,171.8,조귀영,2022-03-31
현산면,방두경로당,전라남도 해남군 현산면 방두길 14-9,2001,72,장철규,2022-03-31
현산면,백방경로당,전라남도 해남군 현산면 신방리길 38,1991,66.1,이종채,2022-03-31
현산면,백포경로당,전라남도 해남군 현산면 백포길 138,1996,66.96,윤다현,2022-03-31
현산면,봉동경로당,전라남도 해남군 현산면 봉동길 211,2001,66,박영애,2022-03-31
현산면,봉림경로당,전라남도 해남군 현산면 봉림길 5,2001,66,안용,2022-03-31
현산면,분토경로당,전라남도 해남군 현산면 분토길 76,2002,66.1,박삼택,2022-03-31
현산면,상구시경로당,전라남도 해남군 현산면 고산로 1340,2002,66,이형균,2022-03-31
현산면,성묘경로당,전라남도 해남군 현산면 고담길 25,1994,134.7,김정일,2022-03-31
현산면,송촌경로당,전라남도 해남군 현산면 월송리 753-1,2002,66,문양주,2022-03-31
현산면,시등남자경로당,전라남도 해남군 현산면 시등리길 41-15,1989,82.6,박정복,2022-03-31
현산면,신방여자경로당,전라남도 해남군 현산면 신방리길 38,2009,141.94,박해자,2022-03-31
현산면,신풍경로당,전라남도 해남군 현산면 신풍리길 56,2001,65.1,김소차,2022-03-31
현산면,애향정경로당,전라남도 해남군 현산면 월송리 1174호,1989,54,김장원,2022-03-31
현산면,용미유선정경로당,전라남도 해남군 현산면 하구시길 7,1995,87.25,김옥섭,2022-03-31
현산면,원진경로당,전라남도 해남군 현산면 원학길 79,2001,80.18,이정단,2022-03-31
현산면,월송경로당,전라남도 해남군 현산면 월송길 16,2001,48.4,김준옥,2022-03-31
현산면,읍호경로당,전라남도 해남군 현산면 읍호길 25,1991,64.8,김이칠,2022-03-31
현산면,일평경로당,전라남도 해남군 현산면 일평길 10,2001,205.55,김홍심,2022-03-31
현산면,장등경로당,전라남도 해남군 현산면 장등길 91,1998,34,최정호,2022-03-31
현산면,조산경로당,전라남도 해남군 현산면 입제길 215-4,1996,59.8,추영호,2022-03-31
현산면,증산경로당,전라남도 해남군 현산면 월금길 333,2001,72,오순희,2022-03-31
현산면,초호경로당,전라남도 해남군 현산면 초호길 48-4,1996,145.86,윤개하,2022-03-31
현산면,탑동경로당,전라남도 해남군 현산면 탑동리길 70,2001,72,나도성,2022-03-31
현산면,학의경로당,전라남도 해남군 현산면 선비길 149,2001,67.32,최경동,2022-03-31
현산면,현산면분회경로당,전라남도 해남군 현산면 탑동리길 21,1998,63.27,이옥용,2022-03-31
현산면,현산시등여자경로당,전라남도 해남군 현산면 시등리길 26-1,2001,30,김상엽,2022-03-31
현산면,현산여자경로당,전라남도 해남군 현산면 탑동리길 21-1,1995,54,이정자,2022-03-31
현산면,황산경로당,전라남도 해남군 현산면 황산리길 29,1997,82.6,신성균,2022-03-31
현산면,황산여자경로당,전라남도 해남군 현산면 황산리길 29,2014,82.6,박화자,2022-03-31
송지면,(사)대한노인회 송지분회 강남경로당,전라남도 해남군 송지면 강남길 76,2001,106.58,정영욱,2022-03-31
송지면,가차경로당,전라남도 해남군 송지면 가차길 84,1996,114.98,박용웅,2022-03-31
송지면,군안경로당,전라남도 해남군 송지면 군안길 20,1998,72.72,문영순,2022-03-31
송지면,금강경로당,전라남도 해남군 송지면 금강길 3,1990,57,엄승자,2022-03-31
송지면,내장경로당,전라남도 해남군 송지면 내장길 173,2000,96,윤동익,2022-03-31
송지면,대죽경로당,전라남도 해남군 송지면 대죽길 94,1997,109.12,최운기,2022-03-31
송지면,동현경로당,전라남도 해남군 송지면 동현길 16,1996,115,정권조,2022-03-31
송지면,땅끝경로당,전라남도 해남군 송지면 땅끝마을길 82,2002,142,김유복,2022-03-31
송지면,마봉경로당,전라남도 해남군 송지면 마봉길 41,2000,104.44,박종욱,2022-03-31
송지면,마봉달마경로당,전라남도 해남군 송지면 마봉길 41,2015,69,한정남,2022-03-31
송지면,만호경로당,전라남도 해남군 송지면 어란4길 2-1,2009,40.73,박춘례,2022-03-31
송지면,미야경로당,전라남도 해남군 송지면 미야안길 139,1989,99.72,정효성,2022-03-31
송지면,미야장수경로당,전라남도 해남군 송지면 미야안길 140,2012,136.16,박화자,2022-03-31
송지면,미학경로당,전라남도 해남군 송지면 미학길 35,1998,106.75,김경순,2022-03-31
송지면,박정경로당,전라남도 해남군 송지면 학가1길 219-10,2009,66.11,김경열,2022-03-31
송지면,방처경로당,전라남도 해남군 송지면 군곡길 134,1995,57.75,이형배,2022-03-31
송지면,부평경로당,전라남도 해남군 송지면 부평길 26,2002,79.06,김병선,2022-03-31
송지면,불등경로당,전라남도 해남군 송지면 통호길 1,2009,73.98,이인수,2022-03-31
송지면,사구경로당,전라남도 해남군 송지면 사구미길 110,2001,66,조유근,2022-03-31
송지면,산정2구경로당,전라남도 해남군 송지면 산정4길 12,2001,109.05,박덕심,2022-03-31
송지면,산정2구남자경로당,전라남도 해남군 송지면 산정4길 12,2017,29.72,장영현,2022-03-31
송지면,삼마경로당,전라남도 해남군 송지면 삼마길 171,2002,65.98,강우원,2022-03-31
송지면,서정경로당,전라남도 해남군 송지면 서안길 24,1997,76,김인환,2022-03-31
송지면,서정우분경로당,전라남도 해남군 송지면 미황사길 30-36,2018,40.5,황시형,2022-03-31
송지면,석수경로당,전라남도 해남군 송지면 석수길 3,2001,91.8,유명식,2022-03-31
송지면,소죽경로당,전라남도 해남군 송지면 소죽길 63,2001,59.5,박달명,2022-03-31
송지면,송암경로당,전라남도 해남군 송지면 송암길 34,1997,100.64,김재열,2022-03-31
송지면,송종경로당,전라남도 해남군 송지면 송종2길 2,2001,56.19,최동수,2022-03-31
송지면,송지면분회경로당,전라남도 해남군 송지면 산정1길 23-21,1989,146,정기수,2022-03-31
송지면,송호경로당,전라남도 해남군 송지면 송호길 35,1989,181.8,용공배,2022-03-31
송지면,신기경로당,전라남도 해남군 송지면 서안길 191,2001,69.42,윤상열,2022-03-31
송지면,신정경로당,전라남도 해남군 송지면 군곡길 9,1993,88.62,신동주,2022-03-31
송지면,신평경로당,전라남도 해남군 송지면 신평마을길 10,2001,67.32,이용심,2022-03-31
송지면,신흥경로당,전라남도 해남군 송지면 마봉송종길 79,1997,93.48,강동열,2022-03-31
송지면,어란경로당,전라남도 해남군 송지면 어란4길 2-1,1989,95.2,윤광옥,2022-03-31
송지면,어불경로당,전라남도 해남군 송지면 어불길 50-3,1996,76,고장이,2022-03-31
송지면,엄남경로당,전라남도 해남군 송지면 엄남포길 21,2001,57.77,오한복,2022-03-31
송지면,영평경로당,전라남도 해남군 송지면 영평길 13,1998,66,양장배,2022-03-31
송지면,외장경로당,전라남도 해남군 송지면 통쇄골길 59,1998,116.16,최용길,2022-03-31
송지면,우근경로당,전라남도 해남군 송지면 우근길 102,2001,126,이군자,2022-03-31
송지면,월강경로당,전라남도 해남군 송지면 월강길 23-1,1990,55.23,박종래,2022-03-31
송지면,장춘경로당,전라남도 해남군 송지면 장춘길 89,2008,59.5,정동연,2022-03-31
송지면,정해경로당,전라남도 해남군 송지면 산정6길 11,1992,116.64,신종현,2022-03-31
송지면,중대동경로당,전라남도 해남군 송지면 중대동길 23 (중대동경로당),2020,34.54,용영희,2022-03-31
송지면,중리경로당,전라남도 해남군 송지면 중리길 9,2001,59.52,서점수,2022-03-31
송지면,치소경로당,전라남도 해남군 송지면 치소길 56,2002,79.33,박제필,2022-03-31
송지면,통호경로당,전라남도 해남군 송지면 통호길 59,2001,66.11,박일봉,2022-03-31
송지면,학가경로당,전라남도 해남군 송지면 학가2길 7,1997,81.9,김장남,2022-03-31
송지면,해원경로당,전라남도 해남군 송지면 개현길 30,1997,82.1,이공수,2022-03-31
송지면,현안경로당,전라남도 해남군 송지면 군곡길 76,2006,36.66,노갑윤,2022-03-31
송지면,화내경로당,전라남도 해남군 송지면 가차화내길 109,2001,66.11,송경주,2022-03-31
북평면,금산경로당,전라남도 해남군 북평면 금산길 62,2001,66.24,문화식,2022-03-31
북평면,남성경로당,전라남도 해남군 북평면 남성리길 22,2001,69.93,김종환,2022-03-31
북평면,남전경로당,전라남도 해남군 북평면 남전길 57,1992,94,김형호,2022-03-31
북평면,남창경로당,전라남도 해남군 북평면 한밭등길 66-9,1989,83.19,김동섭,2022-03-31
북평면,남창여자경로당,전라남도 해남군 북평면 한밭등길 66-9,2011,227.13,정선임,2022-03-31
북평면,동촌경로당,전라남도 해남군 북평면 동촌길 14,2001,65.7,양태식,2022-03-31
북평면,동해경로당,전라남도 해남군 북평면 동해길 98,2000,99.2,양용호,2022-03-31
북평면,묵동경로당,전라남도 해남군 북평면 묵동길 1,1989,58.2,김대천,2022-03-31
북평면,북평면분회경로당,전라남도 해남군 북평면 달량진길 10-1,1992,145.89,나중길,2022-03-31
북평면,산마경로당,전라남도 해남군 북평면 산마길 101,2001,66.1,이수홍,2022-03-31
북평면,서홍경로당,전라남도 해남군 북평면 서홍원길 1,1989,118.8,윤상만,2022-03-31
북평면,서홍여자경로당,전라남도 해남군 북평면 서홍원길 1,2009,33,윤주임,2022-03-31
북평면,신기경로당,전라남도 해남군 북평면 천태산길 37,2000,89.1,김태한,2022-03-31
북평면,신기여자경로당,전라남도 해남군 북평면 천태산길 37,2017,66.8,주순자,2022-03-31
북평면,신용경로당,전라남도 해남군 북평면 신용길 21,2001,81.36,김흥배,2022-03-31
북평면,신평경로당,전라남도 해남군 북평면 평등길 13,2001,66,차영인,2022-03-31
북평면,신홍경로당,전라남도 해남군 북평면 신홍길 41,2003,81.05,김길평,2022-03-31
북평면,안평경로당,전라남도 해남군 북평면 안평길 99-1,2001,69.93,문동옥,2022-03-31
북평면,영전경로당,전라남도 해남군 북평면 영전길 92,1989,59.5,김광선,2022-03-31
북평면,영전여자경로당,전라남도 해남군 북평면 영전길 92,2002,76.5,김소금,2022-03-31
북평면,오산경로당,전라남도 해남군 북평면 오산길 86,1994,60,김춘홍,2022-03-31
북평면,오산여자경로당,전라남도 해남군 북평면 오산길 86,2009,101,김영애,2022-03-31
북평면,와룡경로당,전라남도 해남군 북평면 호정길 30,1995,99,오한복,2022-03-31
북평면,와룡여자경로당,전라남도 해남군 북평면 호정길 22,2014,102.06,이근애,2022-03-31
북평면,용수경로당,전라남도 해남군 북평면 용수길 20,2001,112.6,배오심,2022-03-31
북평면,이진경로당,전라남도 해남군 북평면 이진1길 21-3,1989,131,김종규,2022-03-31
북평면,이진여자경로당,전라남도 해남군 북평면 이진1길 21-3,2009,64.8,유귀례,2022-03-31
북평면,차경경로당,전라남도 해남군 북평면 차경길 43,2001,66,김만석,2022-03-31
북평면,평암경로당,전라남도 해남군 북평면 땅끝해안로 3461,2001,67.5,윤상우,2022-03-31
북일면,갈두경로당,전라남도 해남군 북일면 갈두길 181,2001,99,김주영,2022-03-31
북일면,금당경로당,전라남도 해남군 북일면 금당길 26,2001,184.62,윤순모,2022-03-31
북일면,내동경로당,전라남도 해남군 북일면 내동길 19,1991,132.36,이동현,2022-03-31
북일면,내동여자경로당,전라남도 해남군 북일면 내동리 339-1,2002,58.32,박금심,2022-03-31
북일면,만수경로당,전라남도 해남군 북일면 만수길 44-1,1991,111.6,신배균,2022-03-31
북일면,만수여자경로당,전라남도 해남군 북일면 만수길 50,2012,55.17,오예순,2022-03-31
북일면,만월경로당,전라남도 해남군 북일면 만월길 18-13,1995,199.6,김문성,2022-03-31
북일면,방산경로당,전라남도 해남군 북일면 방산길 25,1993,64.8,서영석,2022-03-31
북일면,북일면분회경로당,전라남도 해남군 북일면 장고봉로 5,1989,156,박화춘,2022-03-31
북일면,삼성경로당,전라남도 해남군 북일면 삼성길 74,1994,146.52,박동수,2022-03-31
북일면,수동경로당,전라남도 해남군 북일면 운수길 59,2000,113.2,김광수,2022-03-31
북일면,신방경로당,전라남도 해남군 북일면 신방길 166,2001,227.05,박순안,2022-03-31
북일면,신월경로당,전라남도 해남군 북일면 신월리길 23,1999,90.72,김동진,2022-03-31
북일면,외봉경로당,전라남도 해남군 북일면 외봉길 61,2022,66.5,김광식,2022-03-31
북일면,용산경로당,전라남도 해남군 북일면 용산길 45,2001,115.5,배병옥,2022-03-31
북일면,용운경로당,전라남도 해남군 북일면 용일길 53,2001,102.06,최찬식,2022-03-31
북일면,용원경로당,전라남도 해남군 북일면 용일길 95,2001,81.4,서재옥,2022-03-31
북일면,용일경로당,전라남도 해남군 북일면 용일길 128,2002,82,최상문,2022-03-31
북일면,운전경로당,전라남도 해남군 북일면 운수길 1,1995,76.95,김경자,2022-03-31
북일면,원동경로당,전라남도 해남군 북일면 원동길 36,2000,74.52,이용안,2022-03-31
북일면,원동여자경로당,전라남도 해남군 북일면 원동길 39,1993,58,한경초,2022-03-31
북일면,월성경로당,전라남도 해남군 북일면 월성길 32,1998,273.51,김광호,2022-03-31
북일면,장수경로당,전라남도 해남군 북일면 영장수길 73,2001,66,오금선,2022-03-31
북일면,장전경로당,전라남도 해남군 북일면 장전길 36,2001,78.88,김유봉,2022-03-31
북일면,흥촌경로당,전라남도 해남군 북일면 흥촌길 4,1991,132.2,이정식,2022-03-31
북일면,흥촌여자경로당,전라남도 해남군 북일면 흥촌길 4,2009,140.16,김옥님,2022-03-31
옥천면,가곡경로당,전라남도 해남군 옥천면 가곡길 16,2001,110.8,박종대,2022-03-31
옥천면,가성경로당,전라남도 해남군 옥천면 가성길 40,1998,76,강원식,2022-03-31
옥천면,거오경로당,전라남도 해남군 옥천면 거오길 65,2002,108,정찬후,2022-03-31
옥천면,남촌경로당,전라남도 해남군 옥천면 남촌길 116,1998,51,안형섭,2022-03-31
옥천면,내동경로당,전라남도 해남군 옥천면 내동리길 38,1991,67,김문옥,2022-03-31
옥천면,다산경로당,전라남도 해남군 옥천면 다산길 106,2001,68.4,윤영현,2022-03-31
옥천면,대산경로당,전라남도 해남군 옥천면 대산길 65,1995,79.87,정찬오,2022-03-31
옥천면,도림경로당,전라남도 해남군 옥천면 도림길 110,2001,75.7,윤주배,2022-03-31
옥천면,동리경로당,전라남도 해남군 옥천면 동리길 67,1997,74.7,윤상현,2022-03-31
옥천면,마고경로당,전라남도 해남군 옥천면 마고리길 22,2012,48.9,송하종,2022-03-31
옥천면,만년경로당,전라남도 해남군 옥천면 만년1길 3,1998,82.41,윤영완,2022-03-31
옥천면,문촌경로당,전라남도 해남군 옥천면 문촌길 29,1993,167.55,박재원,2022-03-31
옥천면,백운경로당,전라남도 해남군 옥천면 백운길 14,1997,66.3,윤종옥,2022-03-31
옥천면,백호경로당,전라남도 해남군 옥천면 백호길 45,1991,102.27,정찬범,2022-03-31
옥천면,서원경로당,전라남도 해남군 옥천면 해남로 926-7,1994,65.61,장동출,2022-03-31
옥천면,성산경로당,전라남도 해남군 옥천면 성산길 34,1989,73.4,정양채,2022-03-31
옥천면,송산경로당,전라남도 해남군 옥천면 송산길 42,1995,66,김영권,2022-03-31
옥천면,송운경로당,전라남도 해남군 옥천면 송운길 30,1997,69.9,오준식,2022-03-31
옥천면,신계경로당,전라남도 해남군 옥천면 신계길 83,1996,70.96,김용석,2022-03-31
옥천면,신죽경로당,전라남도 해남군 옥천면 신죽길 6,1997,111.1,정성용,2022-03-31
옥천면,연화경로당,전라남도 해남군 옥천면 연화길 86,1998,69,윤재승,2022-03-31
옥천면,영신경로당,전라남도 해남군 옥천면 영신길 5,1995,134.37,양동주,2022-03-31
옥천면,영안경로당,전라남도 해남군 옥천면 영안길 13,1992,173.9,김용문,2022-03-31
옥천면,영춘1구경로당,전라남도 해남군 옥천면 영춘1길 5,1999,66.1,강규용,2022-03-31
옥천면,영춘2구경로당,전라남도 해남군 옥천면 해남로 403,1998,86.76,서윤석,2022-03-31
옥천면,옥천면분회경로당,전라남도 해남군 옥천면 영춘2길 16,1989,139.19,임영재,2022-03-31
옥천면,용동경로당,전라남도 해남군 옥천면 용동안길 37,2001,66.7,송요일,2022-03-31
옥천면,용산경로당,전라남도 해남군 옥천면 용산리길 12-5,2001,76.6,윤재원,2022-03-31
옥천면,용심경로당,전라남도 해남군 옥천면 용동길 166-1,2002,75.8,권매수,2022-03-31
옥천면,용정경로당,전라남도 해남군 옥천면 용정리길 131,1989,71.4,김재섭,2022-03-31
옥천면,월평경로당,전라남도 해남군 옥천면 월평길 13,1994,73.64,윤복숙,2022-03-31
옥천면,이목경로당,전라남도 해남군 옥천면 신동길 32,2001,76.49,채흥채,2022-03-31
옥천면,조운경로당,전라남도 해남군 옥천면 조운길 109,2002,67.8,이상호,2022-03-31
옥천면,죽촌경로당,전라남도 해남군 옥천면 죽촌길 18,2006,87.3,장정식,2022-03-31
옥천면,청신경로당,전라남도 해남군 옥천면 청신길 34,1994,110.5,안방옥,2022-03-31
옥천면,청용경로당,전라남도 해남군 옥천면 청룡길 22-7,2001,76.6,류근섭,2022-03-31
옥천면,탑동경로당,전라남도 해남군 옥천면 탑동길 42,1997,68.76,전재섭,2022-03-31
옥천면,팔산경로당,전라남도 해남군 옥천면 팔산길 8,1989,73.44,임양표,2022-03-31
옥천면,학동경로당,전라남도 해남군 옥천면 학동리길 14,1997,40.14,전창호,2022-03-31
옥천면,한천경로당,전라남도 해남군 옥천면 한천길 60,2006,54,김오봉,2022-03-31
옥천면,향촌경로당,전라남도 해남군 옥천면 향촌길 24,1993,82.7,임영재,2022-03-31
옥천면,호산경로당,전라남도 해남군 옥천면 호산길 65,2001,74.4,김형식,2022-03-31
옥천면,화당경로당,전라남도 해남군 옥천면 화당길 26,1996,105.5,임대근,2022-03-31
옥천면,화촌경로당,전라남도 해남군 옥천면 화촌길 45,1991,72.52,김문정,2022-03-31
옥천면,흑천경로당,전라남도 해남군 옥천면 흑천길 14,1997,67.32,정윤근,2022-03-31
계곡면,가학경로당,전라남도 해남군 계곡면 가학길 17-1,1995,49.6,공철수,2022-03-31
계곡면,가학여자경로당,전라남도 해남군 계곡면 가학길 35,2009,126,박순화,2022-03-31
계곡면,강절2경로당,전라남도 해남군 계곡면 강절리 150,2009,37.6,이춘자,2022-03-31
계곡면,강절경로당,전라남도 해남군 계곡면 사촌길 103,1997,66.15,최병운,2022-03-31
계곡면,계곡면분회,전라남도 해남군 계곡면 해남로 1454,1994,86.76,임형철,2022-03-31
계곡면,당산경로당,전라남도 해남군 계곡면 당산길 30,1996,89.17,임종근,2022-03-31
계곡면,대운경로당,전라남도 해남군 계곡면 대운길 69,1997,162.72,윤재석,2022-03-31
계곡면,덕정경로당,전라남도 해남군 계곡면 덕정길 14,1996,107.4,김영배,2022-03-31
계곡면,둔주경로당,전라남도 해남군 계곡면 둔주포안길 43,1996,56.19,김정만,2022-03-31
계곡면,마고경로당,전라남도 해남군 계곡면 마고길 110,2001,70,김준희,2022-03-31
계곡면,만년경로당,전라남도 해남군 계곡면 만년동길 66,2001,72.41,정찬길,2022-03-31
계곡면,무이경로당,전라남도 해남군 계곡면 무이길 105,2002,66,민준홍,2022-03-31
계곡면,반계경로당,전라남도 해남군 계곡면 반계길 33,1995,82.8,박일랑,2022-03-31
계곡면,방춘경로당,전라남도 해남군 계곡면 방춘길 150,1998,95.71,조규철,2022-03-31
계곡면,법곡경로당,전라남도 해남군 계곡면 법곡길 142,2001,65.7,이일기,2022-03-31
계곡면,사정경로당,전라남도 해남군 계곡면 사정길 10,1997,105.81,이재송,2022-03-31
계곡면,산골(여수2) 경로당,전라남도 해남군 계곡면 산골길 85-3,2013,40.32,이의근,2022-03-31
계곡면,선진경로당,전라남도 해남군 계곡면 선진길 60,2000,103.2,김정웅,2022-03-31
계곡면,성진경로당,전라남도 해남군 계곡면 성진길 40,1994,130.56,박해춘,2022-03-31
계곡면,신기경로당,전라남도 해남군 계곡면 신기리길 31,2006,78.36,임형내,2022-03-31
계곡면,신성경로당,전라남도 해남군 계곡면 신성1길 9,1998,66.7,방복환,2022-03-31
계곡면,신주경로당,전라남도 해남군 계곡면 신주길 59,2001,83.15,김종식,2022-03-31
계곡면,신촌경로당,전라남도 해남군 계곡면 신촌길 50,2001,66,진성장,2022-03-31
계곡면,신평경로당,전라남도 해남군 계곡면 신평길 39-15,1989,74.26,정수섭,2022-03-31
계곡면,여수경로당,전라남도 해남군 계곡면 여수길 74,1989,184.7,임영식,2022-03-31
계곡면,용계경로당,전라남도 해남군 계곡면 용계길 50,2001,142.21,이성학,2022-03-31
계곡면,용지경로당,전라남도 해남군 계곡면 용지길 84,1997,170.21,오만석,2022-03-31
계곡면,용호경로당,전라남도 해남군 계곡면 용호길 43,1997,85.86,민경근,2022-03-31
계곡면,월신경로당,전라남도 해남군 계곡면 큰월신길 34,2002,73.92,민성영,2022-03-31
계곡면,월암경로당,전라남도 해남군 계곡면 월암길 134,2001,83.78,문정순,2022-03-31
계곡면,잠두경로당,전라남도 해남군 계곡면 잠두길 43,2001,82.95,김충호,2022-03-31
계곡면,장산경로당,전라남도 해남군 계곡면 장산길 59,1998,99.6,김현석,2022-03-31
계곡면,장소경로당,전라남도 해남군 계곡면 장소길 60-9,1997,179.44,김홍식,2022-03-31
계곡면,태인경로당,전라남도 해남군 계곡면 태인길 2,1996,66,임현진,2022-03-31
계곡면,황죽경로당,전라남도 해남군 계곡면 황죽길 149,2001,81.91,김양재,2022-03-31
마산면,고암경로당,전라남도 해남군 마산면 원호맹진로 465,2004,66,김옥신,2022-03-31
마산면,금자경로당,전라남도 해남군 마산면 금자길 76,2001,76,민순기,2022-03-31
마산면,남계경로당,전라남도 해남군 마산면 은적사길 177,2001,66,윤건하,2022-03-31
마산면,노하경로당,전라남도 해남군 마산면 노하길 42,1998,74.2,민남홍,2022-03-31
마산면,당두경로당,전라남도 해남군 마산면 당두길 58,2001,70,이춘배,2022-03-31
마산면,대상경로당,전라남도 해남군 마산면 대상길 8,2001,66,임정학,2022-03-31
마산면,덕인경로당,전라남도 해남군 마산면 덕인길 50,1998,73,박상훈,2022-03-31
마산면,덕정경로당,전라남도 해남군 마산면 덕정리길 10,2009,73.4,임병주,2022-03-31
마산면,마산면분회경로당,전라남도 해남군 마산면 은적사길 13-1,1989,123.2,민승배,2022-03-31
마산면,마산북부노인회관,전라남도 해남군 마산면 연구길 164,1990,153.1,박동석,2022-03-31
마산면,맹진경로당,전라남도 해남군 마산면 맹진길 45,1999,72,이병종,2022-03-31
마산면,북창경로당,전라남도 해남군 마산면 돌샘길 17,1998,80,이병승,2022-03-31
마산면,산막경로당,전라남도 해남군 마산면 산막길 48,1991,79,이간태,2022-03-31
마산면,상등경로당,전라남도 해남군 마산면 상등길 40-1,2001,102.1,홍정복,2022-03-31
마산면,송석경로당,전라남도 해남군 마산면 송석길 23,1993,73,박주광,2022-03-31
마산면,신기경로당,전라남도 해남군 마산면 신기길 35,2001,76,박경삼,2022-03-31
마산면,신당경로당,전라남도 해남군 마산면 신당길 107,2001,66,박형용,2022-03-31
마산면,신덕경로당,전라남도 해남군 마산면 신덕길 17,2000,76,김향화,2022-03-31
마산면,안정경로당,전라남도 해남군 마산면 마산로 410-1,1998,82,제광우,2022-03-31
마산면,연구경로당,전라남도 해남군 마산면 연구길 283-2,1989,73,박득근,2022-03-31
마산면,오호경로당,전라남도 해남군 마산면 오호길 85,1998,99,이이근,2022-03-31
마산면,외호경로당,전라남도 해남군 마산면 외호길 57,2001,132,이용근,2022-03-31
마산면,용반경로당,전라남도 해남군 마산면 용반길 79-5,2001,82,이병섭,2022-03-31
마산면,용소경로당,전라남도 해남군 마산면 용소길 33,2001,72,박종신,2022-03-31
마산면,용전경로당,전라남도 해남군 마산면 용전길 69,2001,66,윤태현,2022-03-31
마산면,원덕경로당,전라남도 해남군 마산면 흑석로 203-6,2001,68.2,김재현,2022-03-31
마산면,원항경로당,전라남도 해남군 마산면 원항길 49,2001,77,박기점,2022-03-31
마산면,월곡경로당,전라남도 해남군 마산면 영해동길 27-12,2000,76,김정만,2022-03-31
마산면,월산경로당,전라남도 해남군 마산면 영해동길 88,2001,76,이창호,2022-03-31
마산면,육일시경로당,전라남도 해남군 마산면 원호맹진로 374,2010,85.1,김형재,2022-03-31
마산면,장성경로당,전라남도 해남군 마산면 장성길 29,1999,90,임철균,2022-03-31
마산면,장촌경로당,전라남도 해남군 마산면 은적사길 153,1994,132,임기석,2022-03-31
마산면,지동경로당,전라남도 해남군 마산면 지동길 43,1998,73,박춘,2022-03-31
마산면,추당경로당,전라남도 해남군 마산면 추당길 38,1998,73,박동일,2022-03-31
마산면,학의경로당,전라남도 해남군 마산면 학의길 45,2000,72,박충준,2022-03-31
마산면,호교경로당,전라남도 해남군 마산면 명량로 2603,1998,82,최홍기,2022-03-31
마산면,화내경로당,전라남도 해남군 마산면 화내길 34,1990,126.2,민형주,2022-03-31
마산면,후동경로당,전라남도 해남군 마산면 후동길 48-3,2003,75,이차랑,2022-03-31
황산면,관두경로당,전라남도 해남군 황산면 시등로 47-23,2000,85.83,조기문,2022-03-31
황산면,관두여성경로당,전라남도 해남군 황산면 관두길 48-4,2015,31.68,이순심,2022-03-31
황산면,관춘경로당,전라남도 해남군 황산면 관춘길 183,2001,79.38,문순철,2022-03-31
황산면,교동경로당,전라남도 해남군 황산면 교동길 60,2001,69.5,임채철,2022-03-31
황산면,기성경로당,전라남도 해남군 황산면 기성길 54,2001,71.72,김용구,2022-03-31
황산면,남리경로당,전라남도 해남군 황산면 남리길 182,1997,99.18,정태섭,2022-03-31
황산면,남리여성경로당,전라남도 해남군 황산면 남리길 182,2017,142.3,채길자,2022-03-31
황산면,내산경로당,전라남도 해남군 황산면 내산길 39,2002,72.6,김영식,2022-03-31
황산면,덕암경로당,전라남도 해남군 황산면 덕암길 25,2001,74.28,한영만,2022-03-31
황산면,만년경로당,전라남도 해남군 황산면 만년길 56,2001,99.17,강영자,2022-03-31
황산면,병온경로당,전라남도 해남군 황산면 연우길 335,1997,67.32,민경길,2022-03-31
황산면,부곡경로당,전라남도 해남군 황산면 부곡안길 66-5,2001,70.62,이원기,2022-03-31
황산면,산동경로당,전라남도 해남군 황산면 산동길 31,2002,72.6,이원복,2022-03-31
황산면,산소경로당,전라남도 해남군 황산면 산소길 19,1995,83.5,김행수,2022-03-31
황산면,삼호경로당,전라남도 해남군 황산면 삼호길 54,2001,74.08,박형순,2022-03-31
황산면,성만경로당,전라남도 해남군 황산면 성만큰길 121,2001,103.75,김순태,2022-03-31
황산면,성산경로당,전라남도 해남군 황산면 아리랑길 76,2001,162.35,강원칠,2022-03-31
황산면,성산남성경로당,전라남도 해남군 황산면 아리랑길 76-1,2019,65.16,김오행,2022-03-31
황산면,소정경로당,전라남도 해남군 황산면 명량로 1112-6,1995,86.8,김병윤,2022-03-31
황산면,송청경로당,전라남도 해남군 황산면 외입길 196,1998,69.3,김화자,2022-03-31
황산면,송호경로당,전라남도 해남군 황산면 송호마을길 39,2002,102.4,정배근,2022-03-31
황산면,시등경로당,전라남도 해남군 황산면 시등로 122-10,2002,87.75,정재길,2022-03-31
황산면,시등여자경로당,전라남도 해남군 황산면 시등로 104-8,2006,66.12,김춘단,2022-03-31
황산면,신곡경로당,전라남도 해남군 황산면 부곡안길 30,2003,88.22,최종규,2022-03-31
황산면,신성경로당,전라남도 해남군 황산면 신성길 114,2001,64.8,박종윤,2022-03-31
황산면,신정경로당,전라남도 해남군 황산면 고천암로 1186,2002,118.86,한이심,2022-03-31
황산면,신흥경로당,전라남도 해남군 황산면 염수들길 38,1998,79.4,이오문,2022-03-31
황산면,연당경로당,전라남도 해남군 황산면 연당길 47,1997,82.96,김남술,2022-03-31
황산면,연당여성경로당,전라남도 해남군 황산면 연당길 119,2015,88.84,이화순,2022-03-31
황산면,연자경로당,전라남도 해남군 황산면 연우길 65,2001,71.28,민두원,2022-03-31
황산면,연호경로당,전라남도 해남군 황산면 연호길 18,2001,98.64,조대현,2022-03-31
황산면,옥동경로당,전라남도 해남군 황산면 장골길 40,2001,84.18,윤영숙,2022-03-31
황산면,옥연경로당,전라남도 해남군 황산면 명량로 942-8,1989,62,박인구,2022-03-31
황산면,옥연제2경로당,전라남도 해남군 황산면 명량로 942-4,2018,86.58,김영길,2022-03-31
황산면,와등경로당,전라남도 해남군 황산면 와청길 24,2001,110.23,윤재성,2022-03-31
황산면,와등여자경로당,전라남도 해남군 황산면 행치길 57-1,2010,78.22,문춘자,2022-03-31
황산면,외입경로당,전라남도 해남군 황산면 외입길 112,2001,70.24,김재철,2022-03-31
황산면,우항경로당,전라남도 해남군 황산면 우항길 60,2001,56.8,나종길,2022-03-31
황산면,원호경로당,전라남도 해남군 황산면 명량로 2101-7,2001,74.08,박효수,2022-03-31
황산면,이목경로당,전라남도 해남군 황산면 명량로 2385-4,2001,66,배상수,2022-03-31
황산면,일신경로당,전라남도 해남군 황산면 일신길 106,2001,84.33,김종선,2022-03-31
황산면,징의2반경로당,전라남도 해남군 황산면 고천암로 795-15,2017,66.66,정승일,2022-03-31
황산면,징의경로당,전라남도 해남군 황산면 징의길 19,1997,66.1,김길철,2022-03-31
황산면,청룡경로당,전라남도 해남군 황산면 원금길 291,2006,93.5,민경조,2022-03-31
황산면,초월경로당,전라남도 해남군 황산면 초월길 57,2001,73.2,김오현,2022-03-31
황산면,춘정경로당,전라남도 해남군 황산면 춘정길 20,2001,82.5,최정운,2022-03-31
황산면,평덕경로당,전라남도 해남군 황산면 평덕길 106,1998,68.94,정인균,2022-03-31
황산면,학동경로당,전라남도 해남군 황산면 학동마을길 267,2001,93.22,정병만,2022-03-31
황산면,한아경로당,전라남도 해남군 황산면 섬둥길 39,1998,102.96,김옥순,2022-03-31
황산면,한자경로당,전라남도 해남군 황산면 한자길 32,1993,66.2,김경옥,2022-03-31
황산면,호동경로당,전라남도 해남군 황산면 호동길 82-5,1998,105.8,명노춘,2022-03-31
황산면,황산면분회경로당,전라남도 해남군 황산면 시등로 70-1,1989,175,이종확,2022-03-31
산이면,건촌경로당,전라남도 해남군 산이면 건촌길 108,1997,66,오종록,2022-03-31
산이면,구성경로당,전라남도 해남군 산이면 구성길 73,1997,102.82,김승부,2022-03-31
산이면,금동경로당,전라남도 해남군 산이면 금동길 54,2005,82.5,임용우,2022-03-31
산이면,금호경로당,전라남도 해남군 산이면 금호길 80-4,1993,60,박명식,2022-03-31
산이면,금호여자경로당,전라남도 해남군 산이면 금호길 52-15,2019,91.8,서순심,2022-03-31
산이면,내송경로당,전라남도 해남군 산이면 내송길 211,1998,86.67,최귀철,2022-03-31
산이면,노송경로당,전라남도 해남군 산이면 노송길 19,1995,65,김년,2022-03-31
산이면,당후경로당,전라남도 해남군 산이면 당후길 51,2001,72.72,김장열,2022-03-31
산이면,대명경로당,전라남도 해남군 산이면 원금길 389,2004,59.4,이춘수,2022-03-31
산이면,대진경로당,전라남도 해남군 산이면 한진길 58,1997,64.6,김상호,2022-03-31
산이면,덕곡경로당,전라남도 해남군 산이면 덕곡길 46,1997,72.72,박명운,2022-03-31
산이면,덕송경로당,전라남도 해남군 산이면 덕송길 21,2001,95.11,박영균,2022-03-31
산이면,덕호경로당,전라남도 해남군 산이면 덕호길 76,1997,91.3,김덕동,2022-03-31
산이면,동월경로당,전라남도 해남군 산이면 동월길 15,2002,55.62,박길남,2022-03-31
산이면,두목경로당,전라남도 해남군 산이면 산이로 1123-16,2001,71.9,김형근,2022-03-31
산이면,반송경로당,전라남도 해남군 산이면 반송길 75,1998,86.6,강계용,2022-03-31
산이면,방축경로당,전라남도 해남군 산이면 방축리길 71,2000,86.6,문석현,2022-03-31
산이면,백동경로당,전라남도 해남군 산이면 백동길 8,2001,71.94,강문식,2022-03-31
산이면,부동경로당,전라남도 해남군 산이면 부동길 200,1991,82.55,정정자,2022-03-31
산이면,부흥경로당,전라남도 해남군 산이면 내덕길 49,1997,46.28,민홍기,2022-03-31
산이면,비석경로당,전라남도 해남군 산이면 비석길 101-14,2001,88,이균배,2022-03-31
산이면,산두경로당,전라남도 해남군 산이면 산두길 212-7,1998,81.6,오강록,2022-03-31
산이면,산이면분회경로당,전라남도 해남군 산이면 초두길 10-14,1991,171.73,임갑수,2022-03-31
산이면,상공경로당,전라남도 해남군 산이면 상공길 47-6,1997,81,오규록,2022-03-31
산이면,상동경로당,전라남도 해남군 산이면 상동길 30-1,2009,68.75,심재모,2022-03-31
산이면,송천경로당,전라남도 해남군 산이면 송천길 58,1989,99.17,김동식,2022-03-31
산이면,시등경로당,전라남도 해남군 산이면 금동길 16,2003,74.7,김의근,2022-03-31
산이면,신농경로당,전라남도 해남군 산이면 신농길 47,1994,71.33,김영일,2022-03-31
산이면,신정경로당,전라남도 해남군 산이면 진산길 41,2002,94.49,정길호,2022-03-31
산이면,신흥경로당,전라남도 해남군 산이면 부동길 434,2002,69.42,임상문,2022-03-31
산이면,업자경로당,전라남도 해남군 산이면 업자길 136,2001,93.5,박현수,2022-03-31
산이면,예동경로당,전라남도 해남군 산이면 예동길 23,2000,70,정화춘,2022-03-31
산이면,외송경로당,전라남도 해남군 산이면 외송길 97,1996,113.28,이광남,2022-03-31
산이면,원항경로당,전라남도 해남군 산이면 원항리길 74,1993,66,이천문,2022-03-31
산이면,유동경로당,전라남도 해남군 산이면 유동길 29,2001,66.5,서욱환,2022-03-31
산이면,주산동경로당,전라남도 해남군 산이면 대진길 33-1,2022,29.16,박정애,2022-03-31
산이면,중촌경로당,전라남도 해남군 산이면 예덕길 129,1998,102.96,박노적,2022-03-31
산이면,지사경로당,전라남도 해남군 산이면 지사길 29,1995,97.44,정기태,2022-03-31
산이면,진산경로당,전라남도 해남군 산이면 진산길 110,2000,175.23,최동승,2022-03-31
산이면,초두경로당,전라남도 해남군 산이면 초두길 83,1997,83.52,원동석,2022-03-31
산이면,학림경로당,전라남도 해남군 산이면 학림길 57,2002,67.84,채해안,2022-03-31
산이면,해월경로당,전라남도 해남군 산이면 해월길 15,2001,84,정한자,2022-03-31
산이면,황조경로당,전라남도 해남군 산이면 새상골길 314,1997,84.42,진희상,2022-03-31
산이면,흑두경로당,전라남도 해남군 산이면 흑두길 68,1997,84.89,김행복,2022-03-31
문내면,갈우경로당,전라남도 해남군 문내면 문내화원로 388-5,2001,75.3,이백주,2022-03-31
문내면,고당경로당,전라남도 해남군 문내면 일성길 15,1998,99.09,정상호,2022-03-31
문내면,고대경로당,전라남도 해남군 문내면 고대길 30,1997,66.7,최술자,2022-03-31
문내면,고전경로당,전라남도 해남군 문내면 고전길 38,2001,108.8,김권호,2022-03-31
문내면,고평경로당,전라남도 해남군 문내면 고평길 37,1996,75.4,고상열,2022-03-31
문내면,공영경로당,전라남도 해남군 문내면 공영길 55-20,1996,67.2,박춘옥,2022-03-31
문내면,궁항경로당,전라남도 해남군 문내면 우수영로 973,2000,76.8,송명환,2022-03-31
문내면,난대경로당,전라남도 해남군 문내면 난대길 44,1997,52.56,김춘길,2022-03-31
문내면,남상경로당,전라남도 해남군 문내면 남문길 8,1998,72.16,김남화,2022-03-31
문내면,남외경로당,전라남도 해남군 문내면 우수영안길 27-16,2017,97.47,정창진,2022-03-31
문내면,남하경로당,전라남도 해남군 문내면 우수영안길 69,2001,74.08,정호진,2022-03-31
문내면,동내경로당,전라남도 해남군 문내면 동헌길 32-7,2002,43,김형복,2022-03-31
문내면,동리경로당,전라남도 해남군 문내면 골몰길 8,2001,81.47,박양섭,2022-03-31
문내면,동영경로당,전라남도 해남군 문내면 동영길 41-19,2002,94.76,박장길,2022-03-31
문내면,동외경로당,전라남도 해남군 문내면 우수영안길 5-1,2002,76,김현박,2022-03-31
문내면,명량경로당,전라남도 해남군 문내면 안골길 74-2,2013,56.55,정인동,2022-03-31
문내면,목삼경로당,전라남도 해남군 문내면 목삼길 1,2001,77,정평길,2022-03-31
문내면,무고경로당,전라남도 해남군 문내면 무고길 64,1997,87.22,주선재,2022-03-31
문내면,무아경로당,전라남도 해남군 문내면 북문길 78,1989,198.3,김흥진,2022-03-31
문내면,문내분회경로당,전라남도 해남군 문내면 우수영로 42,1989,107.74,이선동,2022-03-31
문내면,사교경로당,전라남도 해남군 문내면 사교길 31,1998,84.6,박재남,2022-03-31
문내면,삼덕경로당,전라남도 해남군 문내면 삼덕길 4,2001,98.05,박남환,2022-03-31
문내면,삼정경로당,전라남도 해남군 문내면 학동길 323,2001,77.05,김인술,2022-03-31
문내면,서상경로당,전라남도 해남군 문내면 북문길 22,2003,75,박공자,2022-03-31
문내면,서외경로당,전라남도 해남군 문내면 남문길 44,2004,50.25,조영자,2022-03-31
문내면,서하경로당,전라남도 해남군 문내면 남문길 26,2001,39.25,김흥인,2022-03-31
문내면,석교경로당,전라남도 해남군 문내면 석교길 87-6,1996,77.43,박승수,2022-03-31
문내면,선두경로당,전라남도 해남군 문내면 하마산길 70,1998,93.82,김영빈,2022-03-31
문내면,송정경로당,전라남도 해남군 문내면 진등길 31,1998,66.6,강감순,2022-03-31
문내면,신월경로당,전라남도 해남군 문내면 신월길 33,2001,64.98,김부행,2022-03-31
문내면,신창경로당,전라남도 해남군 문내면 신창안길 16,1996,92.56,김재화,2022-03-31
문내면,신평경로당,전라남도 해남군 문내면 청다리길 46,2001,88.26,김길언,2022-03-31
문내면,신흥경로당,전라남도 해남군 문내면 명량로 800,1996,66.11,정순배,2022-03-31
문내면,심동경로당,전라남도 해남군 문내면 심동길 110,1998,69.75,김규철,2022-03-31
문내면,양정경로당,전라남도 해남군 문내면 양정길 172-14,2001,97.5,김재성,2022-03-31
문내면,예락경로당,전라남도 해남군 문내면 예락길 78,1995,72.72,박종남,2022-03-31
문내면,외암경로당,전라남도 해남군 문내면 외암길 49,1997,66.66,나광덕,2022-03-31
문내면,용암경로당,전라남도 해남군 문내면 용암길 34,1996,56.1,박관석,2022-03-31
문내면,용정경로당,전라남도 해남군 문내면 공영길 199,2002,75,김귀남,2022-03-31
문내면,원동경로당,전라남도 해남군 문내면 원동리길 30-14,1997,101.79,배기봉,2022-03-31
문내면,원문경로당,전라남도 해남군 문내면 원문길 10,2002,77,현순화,2022-03-31
문내면,이목경로당,전라남도 해남군 문내면 명량로 908-8,2002,77,박동진,2022-03-31
문내면,일정경로당,전라남도 해남군 문내면 일정길 188,2001,88.6,정길동,2022-03-31
문내면,임하경로당,전라남도 해남군 문내면 임하길 109-3,2001,79.02,문경호,2022-03-31
문내면,장포경로당,전라남도 해남군 문내면 장포길 116-9,2009,59.89,최점식,2022-03-31
문내면,증도경로당,전라남도 해남군 문내면 증도길 15,2001,76.4,최일옥,2022-03-31
문내면,충무경로당,전라남도 해남군 문내면 충무길 19-1,2001,66,강순임,2022-03-31
문내면,충평경로당,전라남도 해남군 문내면 충평길 121,1997,59.5,김일성,2022-03-31
문내면,학동경로당,전라남도 해남군 문내면 학동길 183,1996,72.72,고순애,2022-03-31
문내면,학동남자경로당,전라남도 해남군 문내면 학동길 185,2017,84.6,정무웅,2022-03-31
화원면,가랍경로당,전라남도 해남군 화원면 문내화원로 659,2001,41.76,한종철,2022-03-31
화원면,가마경로당,전라남도 해남군 화원면 질마가마길 248,2001,66,이화자,2022-03-31
화원면,고등계경로당,전라남도 해남군 화원면 부동리길 5,2009,86.3,이동산,2022-03-31
화원면,구림경로당,전라남도 해남군 화원면 구림길 17-7,2001,110.38,김희주,2022-03-31
화원면,구지경로당,전라남도 해남군 화원면 구지길 21,1997,88.74,최운기,2022-03-31
화원면,당포경로당,전라남도 해남군 화원면 당포길 20,1997,135,백화평,2022-03-31
화원면,마천경로당,전라남도 해남군 화원면 마천길 79,1996,192.31,김재오,2022-03-31
화원면,매계경로당,전라남도 해남군 화원면 매계길 38-1,2001,24,송종순,2022-03-31
화원면,방죽골경로당,전라남도 해남군 화원면 문내화원로 901,2021,66.27,이말단,2022-03-31
화원면,뱀골경로당,전라남도 해남군 화원면 신덕호길 435,2001,165.28,김영희,2022-03-31
화원면,별암경로당,전라남도 해남군 화원면 별암길 39,2001,95.14,김만재,2022-03-31
화원면,부동경로당,전라남도 해남군 화원면 조선소길 774-3,2017,40,장수익,2022-03-31
화원면,산수경로당,전라남도 해남군 화원면 산수길 79,1997,81,박팔록,2022-03-31
화원면,산촌경로당,전라남도 해남군 화원면 신용리길 213,1997,96,주철관,2022-03-31
화원면,상리경로당,전라남도 해남군 화원면 청용1길 50,1997,65.52,최종심,2022-03-31
화원면,석호경로당,전라남도 해남군 화원면 석호리길 133-4,1999,106,이찬옥,2022-03-31
화원면,섬동경로당,전라남도 해남군 화원면 섬동길 67,2001,73.83,김장선,2022-03-31
화원면,송촌경로당,전라남도 해남군 화원면 송촌리길 5,2001,63,박귀심,2022-03-31
화원면,수동경로당,전라남도 해남군 화원면 수동길 23,2001,80,윤승학,2022-03-31
화원면,신용경로당,전라남도 해남군 화원면 신용리길 84,2001,81,주종길,2022-03-31
화원면,신주광경로당,전라남도 해남군 화원면 청용새길 43,2001,20,김병진,2022-03-31
화원면,신평경로당,전라남도 해남군 화원면 신평리길 31,1997,89.9,고강식,2022-03-31
화원면,양화경로당,전라남도 해남군 화원면 양화길 41,2001,73.2,김정부,2022-03-31
화원면,억수경로당,전라남도 해남군 화원면 억수길 4,2001,78.08,홍성용,2022-03-31
화원면,온덕경로당,전라남도 해남군 화원면 매봉길 96,2001,66.5,정옥조,2022-03-31
화원면,온수경로당,전라남도 해남군 화원면 온천길 42,2001,67.32,김정욱,2022-03-31
화원면,월래경로당,전라남도 해남군 화원면 월래길 31,2001,67.76,신성대,2022-03-31
화원면,월산경로당,전라남도 해남군 화원면 월산길 63,2001,52.89,정우배,2022-03-31
화원면,월하경로당,전라남도 해남군 화원면 월하길 59-3,1992,83.6,김종범,2022-03-31
화원면,이목경로당,전라남도 해남군 화원면 이목길 44-16,2001,80,이성순,2022-03-31
화원면,인지경로당,전라남도 해남군 화원면 인지길 24,2001,49.58,김봉길,2022-03-31
화원면,장수경로당,전라남도 해남군 화원면 장수길 63-1,2001,66.5,곽병옥,2022-03-31
화원면,장재경로당,전라남도 해남군 화원면 장재길 15,2001,76.13,김상술,2022-03-31
화원면,장평경로당,전라남도 해남군 화원면 장평길 68,1996,66.6,이선진,2022-03-31
화원면,저상경로당,전라남도 해남군 화원면 영호리 234번지,2001,70,김만석,2022-03-31
화원면,절골경로당,전라남도 해남군 화원면 절골길 200,2001,44.85,최길오,2022-03-31
화원면,중리경로당,전라남도 해남군 화원면 청용2길 6-6,1997,39.47,문용길,2022-03-31
화원면,질마경로당,전라남도 해남군 화원면 질마가마길 130-10,2001,66,이배근,2022-03-31
화원면,척북경로당,전라남도 해남군 화원면 척북길 32,1997,101.06,홍순경,2022-03-31
화원면,초동경로당,전라남도 해남군 화원면 초동길 23,2001,80.4,박한철,2022-03-31
화원면,평리경로당,전라남도 해남군 화원면 금평길 39,2002,134.4,천무웅,2022-03-31
화원면,하리경로당,전라남도 해남군 화원면 금평길 14-8,2001,76.07,정재엽,2022-03-31
화원면,학상경로당,전라남도 해남군 화원면 개초길 442,1997,60,박은성,2022-03-31
화원면,화봉경로당,전라남도 해남군 화원면 화봉길 93,1997,80.4,박득길,2022-03-31
화원면,화원면분회경로당,전라남도 해남군 화원면 금평리 239번지 9호,1989,423.36,이광옥,2022-03-31
화원면,후포경로당,전라남도 해남군 화원면 후포길 45,1998,72.75,김덕환,2022-03-31
