연번,읍면동,리,지 번,마을회관명,토지소유자,건물소유자,건립일자,대지면적 (제곱미터),총면적(제곱미터),마을회관 면적(제곱미터),주구조,마을회관사용1,마을회관사용2,노유자시설사용(경로당)
1,돌산읍,군내,406,군내,군내리마을회,군내리마을회,1992-09-21,185,170.01,97.42,벽돌,2층,,
2,돌산읍,군내,555-6,남외,남외새마을회,남외새마을회,2011-10-04,305,242.44,118.6,"철근콘크리트, 벽돌, 시멘브럭",2층,,1층 경로당
3,돌산읍,군내,993-1,서외,서외새마을회,서외새마을회,1994-10-11,150,138.6,58.44,조적조(세멘벽돌),2층,,1층 경로당
4,돌산읍,군내,1472-2,송도,송도새마을회,송도리사무소,1988-07-01,203,33.1,33.1,조적조(세멘벽돌),1층,,
5,돌산읍,신복,1114-7,신기,신기새마을회,신기새마을회,1991-04-18,468,225.34,112.7,시멘트벽돌,2층,,1층 경로당
6,돌산읍,신복,"440-1, 439-2",대복,대복새마을회,대복새마을회,1995-05-18,294,109.39,109.39,조적조(벽돌),1층,,
7,돌산읍,신복,1344,예교,예교새마을회,예교새마을회,2004-07-14,314,102.26,102.06,시멘트벽돌,1층,,
8,돌산읍,금성,484-1,작금,금성리작금새마을회,금성리작금새마을회,2012-07-19,360,270.5,114.36,철근콘크리트,2층,,1층 경로당
9,돌산읍,금성,156-1,성두,성두새마을회,성두새마을회,2007-10-30,223,138.66,67.95,철근콘크리트,2층,,1층 경로당
10,돌산읍,율림,165-5,소율,소율새마을회,소율새마을회,1972-10-10,201,198,99,철근콘크리트조,2층,,1층 경로당
11,돌산읍,율림,97,임포,임포새마을회,임포새마을회,1994-12-29,395,240.16,97.5,시멘트벽돌,2층,,1층 경로당
12,돌산읍,율림,447-1,대율,대율새마을회,대율새마을회,2008-03-31,259,182.78,82.05,시멘트벽돌,2층,,1층 경로당
13,돌산읍,율림,563-1,백포,백포새마을회,백포새마을회,1993-08-19,391,113.52,91.52,"시멘트벽돌, 시멘트블록",1층,,
14,돌산읍,죽포,148-3,두문,두문새마을회,두문새마을회,2011-03-25,161,160.75,160.75,철그콘크리트,2층,,
15,돌산읍,죽포,1053-1,봉림,봉림새마을회,봉림새마을회,2001-05-02,185,73.83,73.83,시멘트벽돌조,1층,,
16,돌산읍,죽포,276,방죽,방죽새마을회,방죽새마을회,1999-12-09,304,171.08,171.08,"철근콘크리트, 시멘벽돌조",1층,,
17,돌산읍,서덕,"267-1,267-2",서기,서기새마을회,서기새마을회,1992-09-14,545.1,194.42,65.67,시멘트벽돌,1층,,
18,돌산읍,서덕,1039-1,덕곡,덕곡새마을회,덕곡새마을회,1994-11-09,231,116.86,116.86,세멘트벽돌,1층,,
19,돌산읍,서덕,880-1,승월,승월새마을회,승월새마을회,1995-11-30,166,115.5,115.5,세멘트벽돌,1층,,
20,돌산읍,금봉,"171, 175-6",봉양,봉양새마을회,봉양새마을회,2012-12-04,473,193.02,96.6,세멘트벽돌,1층,,
21,돌산읍,금봉,"488-1, 488-2",속전,속전새마을회,속전새마을회,1992-06-31,174,50.49,50.49,세멘트벽돌,1층,,
22,돌산읍,금봉,1031-1,금천,금천새마을회,금천새마을회,2011-05-09,908,19603,93.8,철근콘크리트,2층,,
23,돌산읍,금봉,1224,송시,송시새마을회,송시새마을회,1995-08-26,218,88.91,88.91,시멘트벽돌,1층,,
24,돌산읍,금봉,1509-2,항대,항대새마을회,항대새마을회,2006-04-13,283,128.22,128.22,철금콘크리트,2층,,
25,돌산읍,둔전,767-2,둔전,둔전새마을회,둔전새마을회,1996-11-25,387,283.55,55,"시멘트벽돌조, 철근콘크리트",2층,,
26,돌산읍,둔전,1436-4,봉수,봉수새마을회,봉수새마을회,2009-08-21,298,160,66.4,벽돌조,2층,,1층 경로당
27,돌산읍,평사,903-1,평사,평사새마을회,평사새마을회,2014-02-28,606,221.22,91.98,철근콘크리트,2층,,1층 경로당
28,돌산읍,평사,992-12,모장,모장새마을회,모장새마을회,1997-12-15,176,137,66,철근콘크리트,2층,,1층 경로당
29,돌산읍,평사,"692-63, 692-64",도실,도실새마을회,도실새마을회,2004-07-01,241,90,90,철근콘크리트구조,1층,,
30,돌산읍,평사,544-1,월암,월암새마을회,월암새마을회,1996-07-15,651,252.26,167.78,철근콘크리트,2층,,
31,돌산읍,평사,197,계동,계동새마을회,계동새마을회,1978-07-01,188,146,73,벽돌,2층,,1층 경로당
32,돌산읍,평사,1344-1,굴전,굴전새마을회,굴전새마을회,1998-06-20,358,132.3,66.15,"철근콘크리트, 시멘벽돌도",2층,,1층 경로당
33,돌산읍,우두,414-3,상동,돌사읍우두리상동새마을회,돌사읍우두리상동새마을회,2010-11-03,224,193.22,92.4,철근콘크리트,2층,,1층 경로당
34,돌산읍,우두,207,하동,하동새마을회,하동새마을회,2012-07-09,996,196.9,93.8,철근콘크리트,2층,,1층 경로당
35,돌산읍,우두,720-16,백초,백초새마을회,백초새마을회,1993-10-29,948,327.66,151,"철근콘크리트, 시멘트벽돌",2층,,1층 경로당
36,돌산읍,우두,"619-7, 619-11, 619-10",진목,진목새마을회,진목새마을회,1994-12-14,166,127.26,127.26,시멘트벽돌,2층,,
37,돌산읍,우두,799-32,진두,진두새마을회,진두새마을회,1997-12-26,157,166.44,81.18,시멘트벽돌,2층,,1층 경로당
38,소라면,덕양,1204-7,덕양1구,덕양1구1반새마을회,1구1반새마을회,1997-07-21,555,213.56,165,시멘벽돌,2층,,
39,소라면,덕양,1433,덕양2구,덕양2구새마을회,덕양2구새마을회,1998-01-07,248,165,66,시멘벽돌,2층,,1층 경로당
40,소라면,덕양,1042-78,덕양3구,소라면덕양리3구새마을회,3구새마을회,1987-09-05,236,206.24,206.24,철근콘크리트,2층,,
41,소라면,덕양,658-2,덕양4구(성재),덕양4구성재새마을회,덕양리4구성재새마을회,1998-01-19,245,69.12,69.12,벽돌,1층,,
42,소라면,덕양,621-1,덕양5구(내기),소라면덕양리5구내기마을새마을회,여수시소라면덕양리5구내기마을새마을회,2013-01-02,516,119.42,74.55,철근콘크리트,1층,,경로당 43.87
43,소라면,덕양,519-1,덕양6구,덕양6구새마을회,덕양6구새마을회,2011-09-08,266,133.58,133.58,"일반목구조,기와",1층,,
44,소라면,죽림,716-9,죽림,죽림새마을회,죽림새마을회,2003-12-12,174,83.51,83.51,벽돌구조,1층,,
45,소라면,관기,215-8,관기1구,관기상관부락,관기1구새마을회,1998-05-23,206,177.21,177.21,목조기와,2층,,
46,소라면,관기,902-5,관기2구,성본동리새마을회,관기2구새마을회,1998-06-18,114,134.4,67.2,시멘벽돌조,2층,,1층 경로당
47,소라면,관기,430-7,관기3구,관기리하관부락,관기리하관부락,1996-09-23,421,171.62,48.6,"철근콘크리트조, 시멘벽돌조",2층,,1층 경로당
48,소라면,현천,498-9,현천1구,1구새마을회,현천,1977-05-01,126,144.4,144.4,블록,1층,,
49,소라면,현천,82,현천2구,마륜마을회,마륜마을회,2007-05-18,1091,147.42,147.42,블록,2층,,
50,소라면,현천,1035-21,현천3구,현천리가사새마을회,현천3구새마을회,1997-09-30,545,92.4,92.4,블록,1층,,
51,소라면,복산,123,복산1구,복산1구조산새마을회,조산새마을회,1993-08-26,364,140.98,68.25,벽돌구조,1층,,
52,소라면,복산,1407,복산2구,복산리 대곡마을회,복산리대곡마을회,2014-06-27,129,113.16,113.16,철근콘크리트구조,"1,2층",,
53,소라면,복산,1141-4,복산3구,복산3구새마을회,복산3구새마을회대표오채수,1995-08-11,271,118.46,118.46,시멘벽돌구조,1층,,
54,소라면,복산,1710-3,복산4구,4구새마을회,복산4구새마을회,2005-10-07,562,139.9,139.39,철근콘크리트,2층,,
55,소라면,복산,"2043-1, 2195-1, 2086-5",복산5구,5구새마을회,5구새마을회,1996-04-01,119,93.005,93.005,벽돌,1층,,
56,소라면,복산,488-4,복산6구,복산6구새마을회,복산6구새마을회,1997-08-07,430,133.3,80,시멘벽돌,2층,,2층 경로당
57,소라면,사곡,153-2,사곡1구,1구노인회,1구새마을회,2004-05-08,463,200.89,69.53,철근콘크리트구조,1층,,
58,소라면,사곡,619-3,사곡2구,여수시소라면사곡2구진목새마을회,여수시소라면사곡2구진목새마을회,2009-03-06,542,175.16,175.16,철근콘크리트구조,2층,,
59,소라면,사곡,1023-2,사곡3구,3구새마을회,3구새마을회,2009-03-12,456,138.6,91.8,시멘벽돌조,2층,,
60,소라면,사곡,453-1,사곡4구,사곡리 방항부락 동중회,4구새마을회,1988-02-10,79,32.4,32.4,시멘트벽돌조,2층,,
61,소라면,봉두, 413-1,봉두1구,1구새마을회,1구새마을회,1992-12-04,571,303.72,169.92,조적조,2층,,
62,소라면,봉두,636-2,봉두2구,당촌새마을회,당촌새마을회,1978-02-01,823,208.88,84.68,블럭구조,1층,,
63,소라면,봉두,1110-4,봉두3구,김춘근외3인,3구새마을회,1998-06-18,252.19,82.08,82.08,시멘벽돌조,1층,,
64,소라면,대포,"742-6, 742-7",대포1구,1구새마을회,1구새마을회,1999-09-02,827,279.84,82.62,시멘벽돌,1층,,
65,소라면,대포,604-26,대포2구(구족도),2구새마을회,2구새마을회,1981-07-30,458,100.8,100.8,조적조,1층,,
66,소라면,대포,"557-15, 558-3",대포3구,대포3구새마을회,대포3구새마을회,1998-09-04,191,140.16,49.92,시멘벽돌조,2층,,1층경로당
67,소라면,대포,437,대포4구(장전),장전새마을회,장전새마을회,1994-03-29,445,178.94,89.47,조적조,2층,,1층경로당
68,소라면,대포,1515-2,대포4구,대포4구노천마을회,대포4구노천마을회,2001-12-14,812,127.3,,벽돌조,1층,,
69,소라면,죽림,902-5,죽림하금,하금부락새마을회,하금새마을회,2000-11-20,117,61,,시멘트벽돌조,1층,,
70,소라면,덕양,"519-1, 520",덕양5구(흑산),흑산마을노인회,흑산마을노인회,2001-02-21,155,96.15,40,시멘트벽돌조,2층,,1층경로당
71,율촌면,조화,592,득실,조화리새마을회,조화리새마을회,1998-07-01,572,135.86,53.58,"철근콘크리트구조,벽돌",2층,1층,1층경로당
72,율촌면,가장,1349-6,가장난화,여천군율촌면가장리난화새마을회,여천군율촌면가장리난화새마을회,2010-09-06,244,178.32,84.24,철근콘크리트구조,2층,1층,1층경로당
73,율촌면,상봉,"289-1,289-2",상봉1구,상봉1구노인정,상봉1구노인정,2013-10-10,412,162.37,74.8,철근콘크리트구조,2층,1층,1층경로당
74,율촌면,월산,1246-4,청산외청,청산2구새마을회,외청회관,1998-01-30,155,105.6,47.04,세멘벽돌,2층,1층,1층경로당
75,율촌면,월산,684,청산1구,정승남,청산부락새마을회,1998-02-23,895,76,76,시멘벽돌,1층,1층,
76,율촌면,월산,1109,청산내청,주승원외2인,내청새마을회,1995-12-30,283,149.74,149.74,시멘트벽돌조,2층,2층,
77,율촌면,월산,677,월산1구,김정숙외1인,월산1구새마을회,1998-08-26,350,119,65,시멘벽돌조,2층,2층,2층경로당
78,율촌면,조화,152-5,여흥1구,여흥새마을회,여흥새마을회,2017-07-03,290,153.85,58.5,철근콘크리트,2층,2층,1층경로당
79,율촌면,봉전,"694-17, 576-6",광암,광암새마을회,광암새마을회,1988-08-05,65,116.28,116.28,시멘벽돌조,2층,1층,
80,율촌면,봉전,274-1,봉전,봉전새마을회,봉전새마을회,1995-11-30,132,153.8,75.6,시멘벽돌조,2층,1층,1층경로당
81,율촌면,조화,337-8,여흥3구사항,김순덕,여흥3리마을회,2003-12-27,188,172.66,172.66,시멘트벽돌,2층,1층,
82,율촌면,가장,726-7,가장평촌,류영복외2인,평촌새마을회,1999-01-08,383,116.1,51.3,시멘벽돌조,2층,2층,1층경로당
83,율촌면,신풍,1164,산곡,산곡새마을회,산곡새마을회,1998-03-02,274,83.26,72.4,시멘트벽돌,2층,1층,
84,율촌면,신풍,517-3,구암,건설교통부,구산리사무소,1976-07-01,66,97.8,,세멘벽돌,2층,2층,
85,율촌면,산수,755-1,산수1구,박정재,신대새마을회,1998-12-09,463,77.63,48.81,시멘벽돌,1층,1층,경로당 28.82
86,율촌면,반월,162,삼산,삼산동중,이병영,2007-09-28,284,99.76,33.3,조적조,2층,1층,1층경로당
87,율촌면,여동,198-3,송도,송도새마을회,송도새마을회,1993-10-29,336,122.49,59.04,조적조,2층,1층,1층경로당
88,율촌면,가장,122-1,가장중산,중산새마을회,중산새마을회대표:이충진,1997-09-13,546,94.6,94.6,"시멘벽돌, 벽돌",1층,1층,
89,율촌면,상봉,880,상봉2구,상봉2구새마을회,상봉2구새마을회,1996-07-10,365,86.22,86.22,시멘벽돌조,2층,2층,
90,율촌면,취적,1161-4,취적1구하취적,취락구조추진위원회,취적1구새마을회,1996-05-01,514,87.3,87.3,철근콘크리트구조,1층,1층,
91,율촌면,취적,842-9,취적2구봉정,김찬수 외 2인,취적2구새마을회,1997-12-26,200,49.96,83.26,시멘트벽돌,2층,2층,
92,율촌면,신풍,"34-23, 34-34, 34-37,      40-68, 41-26",도성,도성새마을회,도성새마을회,1994-05-08,1304,812.68,86,철근콘크리트구조,2층,2층,
93,율촌면,산수,972-2,산수평여,평여부락새마을회외1인,평여새마을회대표:위종량,1988-02-01,443,49.14,49.14,시멘벽돌,1층,1층,
94,율촌면,산수,"1169, 1172, 1518-1",산수봉두,봉두새마을회,율촌봉두새마을회,1993-01-05,594,211.35,63.36,"조적조(벽돌), 경량조립식, 시멘벽돌",3층,3층,1층경로당
95,율촌면,신풍,923-5,덕산,덕산새마을회,덕산새마을회,2010-07-15,714,107.1,107.1,철근콘크리트구조,1층,1층,
96,율촌면,취적,233-4,신산1구,신산부락새마을회,신산1구 새마을회,2009-07-21,1157,234.57,83.3,철근콘크리트구조,2층,,1층경로당
97,율촌면,반월,162,반월,삼산동중,삼산동중,1996-04-20,284,99.76,33.3,시멘벽돌,2층,1층,1층경로당
98,율촌면,월산,1485-4,신정,신정새마을회,신정새마을회,1998-07-14,231.5,140.06,49.5,시멘벽돌조,2층,2층,1층경로당
99,화양면,나진,461-8,나진,나진새마을회,나진새마을회,1996-04-23,179,160.48,160.48,시멘벽돌조,2층,,
100,화양면,나진,325-1,소장,최재군,소장새마을회,1997-08-14,146,138.05,57.3,시멘벽돌,2층,,1층경로당
101,화양면,용주,624-2,용주,용주(고외)새마을회,용주새마을회,1992-10-02,143,161.55,82.35,시멘트벽돌,2층,,1층경로당
102,화양면,용주,617-3,고내,고내새마을회,고내새마을회,1994-01-05,355.13,162.88,58.14,시멘벽돌조,2층,,1층경로당
103,화양면,용주,"457-4, 425-10",호두,호두새마을회,호두새마을회,2003-11-28,223,112.5,42.5,벽돌구조,2층,,1층경로당
104,화양면,용주,1299-1,화련,화련새마을회,화련새마을회,1998-10-18,350,78.4,67.2,시멘트벽돌,2층,,1층경로당
105,화양면,창무,265-4,창무,창무새마을회,창무새마을회,1993-07-05,215,183.18,91.59,시멘트벽돌,2층,,1층경로당
106,화양면,창무,588-9,백초,백초새마을회,백초새마을회,1997-09-12,584,149.22,50.4,시멘벽돌,2층,,1층경로당
107,화양면,이천,222,오천,오천새마을회,오천새마을회,1997-09-15,495,155,47.88,조적조(시멘벽돌),2층,,1층경로당
108,화양면,이천,401-1,이천,"이계훈, 이천노인회",이천새마을회,1998-12-28,258,158.76,75.33,철근콘크리트,2층,,1층경로당
109,화양면,이천,694-1,감도,감도새마을회,감도마을회,1993-08-08,198,118.8,59.4,조적조(시멘벽돌),2층,,1층경로당
110,화양면,옥적,1639,마상,마상번영회,마상노인회,1998-08-07,179,134.98,36,시멘벽돌조,2층,,1층경로당
111,화양면,옥적,1230,옥적,옥적리신기동,옥적리새마을회,1984-06-07,333,137.26,68.63,시멘벽돌,2층,,1층경로당
112,화양면,옥적,763,대옥,대옥부락새마을회,대옥부락새마을회,1990-03-21,192,106.3,70.3,벽돌,2층,,2층경로당
113,화양면,옥적,653,상전,상전새마을회,상전새마을회,1998-05-22,1401,108.44,43.65,시멘트벽돌조,2층,,1층경로당
114,화양면,화동,730-2,화동,화동새마을회,화동새마을회,2017-09-18,201,76.52,76.52,벽돌구조,1층,,
115,화양면,화동,1190-1,청량,청량리새마을회,청량리새마을회,1970-01-01,680.5,103.92,103.92,시멘벽돌,2층,,
116,화양면,서촌,688-7외3필지,서촌,서촌리새마을영농회,서촌리새마을영농회,2000-12-15,1340,164.1,98.1,벽돌조,2층,,2층경로당
117,화양면,서촌,910-20,석교,김종순,석교새마을회,1980-09-10,384,49.59,49.59,벽돌조,1층,,
118,화양면,서촌,163-1,봉오,봉오마을회,봉오마을회,1994-10-14,110,94.95,32.76,조적조,2층,,1층경로당
119,화양면,이목,1023-1,이목,이목리새마을회,이목리새마을회,1996-12-27,546,127.34,38.5,시멘벽돌조,2층,,1층경로당
120,화양면,이목,1197-1,서연,서연리새마을회,서연새마을회,1996-09-07,199,66.9,66.9,시멘벽돌조,1층,,
121,화양면,이목,1432,구미,이목리,구미새마을회,1998-02-07,,128.84,59.54,시멘벽돌조,2층,,1층경로당
122,화양면,이목,598,벌가,가정부락새마을회,이목가정부락,1992-09-20,,152.19,66.24,벽돌,2층,,1층경로당
123,화양면,장수,1292-27,장수,신순만외10인,장수영농회,1995-01-09,756,165.3,165.3,벽돌,2층,,
124,화양면,장수,685-5,수문,수문리새마을회,수문리새마을회,1998-05-22,523,72.45,49.68,시멘벽돌조,1층,,
125,화양면,장수,476,장척,장수리,장척새마을회,1995-06-07,497,132.24,132.24,시멘벽돌조,2층,,
126,화양면,장수,152,장동,장등새마을회,장동새마을회,1991-10-27,311,66.11,66.11,시멘트벽돌조,1층,,
127,화양면,안포,503,세포,김병옥 외3인,세포리새마을회,1995-06-28,368,135,60,시멘트벽돌,2층,,
128,화양면,안포,989,원포,김서익외4인,원포새마을회,1999-05-18,178,66.96,66.96,조적조(시멘벽돌),1층,,
129,화양면,안포,1572-12,안포,안포리마을회,안포리경노회,1992-10-23,109,166.83,78,시멘트벽돌,2층,,
130,남   면,우학,680-17,내외진,내외진새마을회,내외진새마을회,1995-08-30,757,265,265,시멘트벽돌,2층,,
131,남   면,우학,241-6,우실,우실새마을회,우실새마을회,1993-02-23,330,133.23,66,시멘트벽돌,1층,,
132,남   면,우학,586-1,학동,학동리,학동새마을회,1998-04-03,165,126.97,72.42,"조적조,시멘트벽돌",2층,,2층경로당
133,남   면,두모,1431-1,두포,두포새마을회,두포새마을회,2004-03-08,205,91.96,91.96,벽돌구조,1층,,
134,남   면,두모,"946, 946-6",직포,직포새마을회,직포새마을회,1996-09-21,190,102.2,102.2,시멘트벽돌,1층,,
135,남   면,두모,"570-4,570-5",모하,모하부락새마을회,남면두모리모하부락새마을회,2001-12-21,445,66.33,55.8,벽돌구조,2층,,1층경로당
136,남   면,유송,1078-4,함구미,함구미부락마을회,함구미새마을회,1998-12-08,1008,68.55,68.55,시멘트벽돌,1층,,
137,남   면,유송,"654-1, 673",송고,송고새마을회,송고새마을회,2003-07-02,658,186.12,89.1,시멘트벽돌,2층,,1층경로당
138,남   면,유송,413-3,여천,여천새마을회,여천새마을회,2004-05-18,128,128.94,63.27,벽돌구조,2층,,1층경로당
139,남   면,유송,241-1,대유,정기홍,대유새마을회,1982-01-01,208,173.7,55.8,시멘트벽돌,2층,,1층경로당
140,남   면,유송,151-4152-1,소유,소유새마을회,남면유송리소유새마을회,2013-02-19,596,179.24,103.04,철근콘크리트,2층,,1층경로당
141,남   면,심장,34001,장지,장지부락새마을회,장자부락새마을회,1990-03-07,605,136.6,136.6,시멘트벽돌,1층,,
142,남   면,심장,874-3,심포,심포새마을회,심포새마을회,1998-04-29,598,232.84,77.76,시멘트벽돌,2층,,1층경로당
143,남   면,심장,962-4,미포,미포새마을회,미포새마을회,2015-04-25,447,98.78,98.78,철근콘크리트,1층,,
144,남   면,안도,"888, 888-1, 888-2",안도,안도리새마을회,안도새마을회,1995-08-30,371,148.5,148.5,"시멘트벽돌, 조적조",1층,,
145,남   면,안도,1141-2,서고지,여수시,서고지새마을회,1995-08-30,126,189.7,189.7,시멘트벽돌,2층,,
146,남   면,연도,1590-19,연도,연도리새마을회,연도리새마을회,1998-03-06,577,173.56,99.3,시멘트벽돌,1층,,
147,남   면,연도,912-1,역포,역포새마을회외1인,역포새마을회,1997-11-17,823,161.09,161.09,시멘트벽돌,2층,,
148,남   면,두라,216,대두,여천군남면두라리새마을회,여천군남면두라리새마을회,2014-03-21,433,138.69,138.69,슬래브,"1,2층",,
149,남   면,두라,431-1,봉통,오영남,봉통새마을회,1997-12-19,139,99.45,40.35,시멘트벽돌,2층,,1층경로당
150,남   면,화태,207-1,화태,화태리,화태리새마을회,1977-05-15,149,64,64,시멘트벽돌,1층,,
151,남   면,횡간,368-1,횡간,횡간리,횡간리리사무소,1983-01-01,142,116.42,116.42,시멘트벽돌,2층,,
152,남   면,화태,21551,월전,여수시,월전새마을회,1974-01-01,198,111.26,28.86,시멘트벽돌,2층,,1층경로당
153,남   면,두라,31809,나발,나발새마을회,나발리새마을회,2007-05-14,104,103.56,31.56,적벽돌,2층,,1층경로당
154,화정면,월호,"154, 152",월호,월호리새마을회,월호리사무소,1978-01-01,755,248.7,248.7,시멘트벽돌,2층,,
155,화정면,월호,571-1,자봉,여수시,자봉리새마을회,1990-02-15,83,132,132,철근콘크리트,2층,,
156,화정면,개도,58,월항,월항리새마을회,월항리새마을회,1998-03-18,18.5,54,54,조적조,1층,,
157,화정면,개도,231,신흥,신흥리새마을회,신흥새마을회,1976-01-01,444,197.07,197.07,철근콘크리트,2층,,
158,화정면,개도,510-6,화산,화산리새마을회,화산리새마을회,2007-02-16,860,338.5,338.5,시멘트벽돌,2층,,
159,화정면,개도,1420-11,여석,문성연,서삼리사무소,1981-01-01,509,102.71,102.71,철근콘크리트,1층,,
160,화정면,개도,1550-1,모전,모전새마을회,모전새마을회,1999-03-25,651,84,84,조적조,1층,,
161,화정면,개도,"1664-2,3",호령,호령리새마을회,호령리새마을회,1994-11-22,248,99.4,99.4,시멘트벽돌,1층,,
162,화정면,제도,"278, 73-3",제도,배행찬,대표배상만,1977-01-01,2833,310,310,시멘트벽돌,1층,,
163,화정면,백야,"95-14, 95-2",백야,여수시,여수시장,1996-11-07,448.11,161.16,161.16,조적조,2층,,
164,화정면,백야,438-1,화백,화백리새마을회,화백리새마을회,1981-01-01,275,83.02,83.02,시멘트벽돌,3층,,
165,화정면,하화,"294-3, 230, 231",하화,하화리새마을회,하화새마을회,1957-01-01,254,153.4,133.13,"목조, 시멘트벽돌",2층,,
166,화정면,상화,178-22,상화,박남석,상화리사무소,1980-01-01,160,85,85,시멘트벽돌,1층,,
167,화정면,낭도,198-1,사도,사도리새마을회,사도리사무소,1981-01-01,198,99.6,99.6,시멘트벽돌,1층,,
168,화정면,낭도,1010,여산,낭도리새마을회,낭도리사무소,1980-01-01,243,431.45,110,시멘트벽돌,2층,,
169,화정면,낭도,356-12,규포,여수시,규포리사무소,1979-01-01,259,151,151,시멘트벽돌,1층,,
170,화정면,조발,148,조발,김영명외2인,조발새마을회,1997-12-29,139,54,54,시멘트벽돌,1층,,
171,화정면,조발,331-1,둔병,둔병리새마을회,둔병리새마을회,1998-03-19,191,54,40.5,시멘트벽돌,1층,,1층 경로당
172,화정면,적금,349,적금,적금리새마을회,적금리,1985-01-01,294,205.5,205.5,시멘트벽돌,2층,,
173,화정면,여자,730-3,여자,여자대동새마을회,여자대동새마을회,2015-09-11,404,179.19,179.19,철근콘크리트,2층,,
174,화정면,여자,335 외 1,마파,마파부락새마을회,마파부락새마을회,2017-08-11,705,71.82,71.82,철근콘크리트,1층,,
175,화정면,송여자,294,송여자,송여자새마을회,여자리사무소,1997-12-31,115,61.2,30,시멘트벽돌,2츨,,1층 경로당
176,삼산면,거문,106-36,거문,거문리새마을회,거문리새마을회,2011-04-01,661,120,120,시멘트벽돌,1층,,
177,삼산면,덕촌,503,덕촌,덕촌새마을회,덕촌리사무소,1964-01-01,282,158.08,158.08,시멘트벽돌,2층,,
178,삼산면,서도,1260-3,변촌,변촌리새마을회,변촌리새마을회,1996-10-29,342,110.29,110.29,시멘트벽돌,1층,,
179,삼산면,서도,898,서도,서도리,서도리사무소,1966-01-01,222,225.3,120,시멘트벽돌,2층,,2층경로당
180,삼산면,동도,990,유촌,유촌리새마을회,유촌리새마을회,2008-01-30,245,206.5,88.6,철근콘크리트,1층,,
181,삼산면,동도,1194,죽촌,죽촌리새마을회,죽촌리새마을회,2009-12-29,222,129.65,129.65,시멘트벽돌,1층,,
182,삼산면,초도,산308/산157,대동,대동리새마을회,대동리새마을회,1992-01-01,496,295.08,295.08,철근콘크리트,2층,,
183,삼산면,초도,산2241,진막,송당금두,진막리총유재산,2006-12-26,397,268.92,268.92,시멘트벽돌,2층,,
184,삼산면,초도,산1495-2,의성,의성새마을회,의성새마을회,2007-01-08,581,283.35,283.35,시멘트벽돌,1층,,
185,삼산면,손죽,산1215,손죽,김화중,손죽리사무소,1997-05-20,281,167.56,167.56,시멘트벽돌,1층,,
186,삼산면,손죽,산466,소거문,소거문도새마을영농회,소거문도새마을영농회,2013-12-06,793,73.02,36.19,철근콘크리트,1층,,1층 경로당
187,삼산면,손죽,산212,평도,송종필,평도리사무소,1976-01-01,298,59.5,59.5,시멘트벽돌,1층,,
188,월호동,경호,963-5,오복,경도오복마을회,경도오복마을회,2012-10-11,421.1,146.4,146.4,"블록구조,경량철골구조","1,2층",,
189,월호동,경호,대경도 5길 7,내동,경호동내동새마을회,경호동내동마을회,2002-03-21,198,221.23,,철근콘크리트구조,2층,,
190,월호동,경호,500-12,외동,여수시경호동외동새마을회,여수시경호동외동새마을회,2013-10-18,56,30.93,30.93,경량철골구조,1층,,
191,월호동,경호,813-5,소경도,경호동소경새마을회,경호동소경새마을회,1996-05-22,493,164.315,,시멘트벽돌,2층,,
192,여서동,여서,583-1,대치,대치부락새마을회,대치부락새마을회,1991-07-06,337,219.06,164.315,"벽돌,슬래브",2층,,
193,여서동,여서,246-5,기동,기동부락새마을회,기동부락새마을회,1991-01-12,244.1,277.02,219.06,"벽돌,슬래브",2층,,
194,문수동,문수,785-4,허문,허문마을새마을회,허문마을새마을회,1990-11-10,329.2,279.71,277.02,철근콘크리트,2층,,
195,문수동,문수,210-1,소미,소미마을새마을회,소미마을새마을회,1985-06-28,427,172.56,279.71,철근콘크리트,2층,,
196,미평동,미평,836-4,신죽,신죽새마을회,신죽새마을회,1984-08-03,123,35.2,172.56,시멘트벽돌,1층,,
197,미평동,미평,782-2,양지,양지부락새마을회,양지부락노인회,1999-09-17,311,127.25,35.2,철근콘크리트,1층,,
198,둔덕동,둔덕,189-4,용수,,둔덕동 용수부락발전회,2001-08-25,263,276.78,127.25,철근콘크리트,2층,,
199,둔덕동,둔덕,435-10,문치,,문치새마을회,2010-06-26,358,168.6,276.78,철근콘크리트,2층,,
200,둔덕동,둔덕,473-8,석교,,석교부락새마을회관,1988-04-19,60,78.3,168.6,시멘트벽돌,1층,,
201,만덕동,만덕,359-6,오천,오천새마을회,오천동새마을회,2004-06-18,143,169.88,78.3,철근콘크리트,2층,,
202,만덕동,만흥,280-3,평촌,만흥동평촌부락새마을회,만흥동평촌부락새마을회,1994-08-29,265.94,168.49,169.88,철근콘크리트,2층,,
203,만덕동,만덕,"433, 434-3",중촌,중촌새마을회,중촌새마을회,1994-08-20,289.33,140.4,168.49,철근콘크리트,2층,,
204,만덕동,만흥,"1114-1,3",상촌,만흥동상촌새마을회,만흥동상촌새마을회,1987-11-04,540,172.08,140.4,철근콘크리트,2층,,
205,만덕동,덕충,1303-3,충민,덕충동충민노인회,덕충동충민노인회,1979-03-15,115,60.16,172.08,시멘트벽돌,1층,,
206,만덕동,덕충,1789,충민,동석천노인회,동석천노인회,1989-09-13,82.53,82.53,60.16,시멘트벽돌,1층,,
207,만덕동,덕충,1610,석천,석천새마을회,석천마을회,1996-01-25,679.8,358.47,82.53,시멘트벽돌,"1,2층",,"1,2층 경로당"
208,쌍봉동,학동,16-21,원학동(5통),쌍봉동15통새마을회,쌍봉동15통새마을회,1988-02-18,237.4,148.08,84.7,시멘트벽돌,1층,,2층 경로당
209,쌍봉동,학동,23132,17통,여수시,학동제17통마을회,1996-01-06,312.7,118.2,118.2,시멘트벽돌,2층,,
210,쌍봉동,안산동,456-10,월양(32통),안산43통새마을회,안산43통새마을회,1992-11-25,209.6,110.34,110.34,시멘트벽돌,1층,,
211,쌍봉동,안산동,463-11,월안(31통),안산동31통새마을회,안산동31통새마을회,1993-02-22,417,124.7,124.7,시멘트벽돌,1층,,
212,쌍봉동,안산동,477-23,월산(30통),30통월산새마을회,30통월산새마을회,1995-01-11,231.3,109.31,109.31,시멘트벽돌,1층,,
213,쌍봉동,안산동,481-4,안량(29통),여수시,여수시,1995-10-09,216.8,88.13,88.13,시멘트벽돌,1층,,
214,쌍봉동,안산동,601-1,심곡(35통),심곡마을회,심곡마을회,2010-03-02,249,66.15,66.15,일반목구조,1층,,
215,쌍봉동,안산동,723-6,장성(26통),장성새마을회,장성새마을회,2003-12-30,265,323.21,323.21,철근콘크리트,3층,,
216,쌍봉동,소호동,1019,송소(47통),송소리새마을회,송소리새마을회,2003-05-14,225,160.08,160.08,철근콘크리트,2층,,
217,쌍봉동,소호동,1206-4,항호(35통),여수시,소호동항호마을회,1994-01-22,264,310.08,310.08,철근콘크리트,2층,,
218,쌍봉동,소호동,435-9,용암(44통),한구미이주민새마을회,한구미이주민새마을회,1995-12-09,200.8,89.73,89.73,시멘트벽돌,1층,,
219,쌍봉동,소호동,537,소제(46통),소호동소제마을회,소호동소제마을회,1997-05-12,287,232.76,232.76,철근콘크리트,2층,,
220,시전동,신기,134-10,신흥,신흥새마을회,신흥새마을회,1992-12-08,190.3,143.52,143.52,시멘트벽돌,2층,,
221,시전동,신기,17899,구학동,(구)학동친목회,(구)학동친목회,1985-12-31,190.1,138.02,138.02,철근콘크리트구조,"1,2층",,
222,시전동,신기,26846,기전,신기기전새마을회,신기기전새마을회,1988-09-13,231.2,171.6,171.6,시멘트벽돌,2층,,
223,시전동,웅천,웅남2길 16-5(도로명에새주소표기안됨-추진위원장한테전화할것)1676-8번지,웅동,웅동새마을회,웅동새마을회,2012-10-18,298.6,212.15,212.15,철근콘크리트,2층,,
224,시전동,웅천동,웅천동 1721-7,모전,모전마을,모전마을,2013-05-31,296.9,146.98,59.09,철근콘크리트,2층,,1층 경로당
225,시전동,웅천동,1656-10,웅서,웅서새마을회,웅서새마을회,2015-01-27,288.4,198.44,62.5,철근콘크리트,2층,,1층 경로당
226,시전동,웅천동,웅천동 1713-8,송현,송현마을,송현마을,2013-08-08,279.5,202.33,68.35,철근콘크리트,2층,,1층 경로당
227,여천동,선원,1251-1,무선,무선경로당,무선경로당,1996-11-12,296,129.48,,철근콘크리트시멘트벽돌,1층,,
228,여천동,선원,1326-18,도원,도원마을회,도원마을회,1999-03-26,142,87.84,30,시멘트벽돌,2층,,"1층경로,2층마을"
229,여천동,선원,1221-9,신선,신선마을진흥회,신선마을노인회,2006-06-09,452.7,213.15,,철근콘크리트시멘트벽돌,2층,,
230,여천동,선원,223-1,가곡,정죽부외3인,가곡새마을회,1992-01-27,220.6,199.3,134.34,시멘트벽돌,2층,,"1층경로,2층마을"
231,여천동,선원,218-6,신가곡,선원동13통새마을회,선원동13통새마을회,1993-04-01,385.3,199.32,96.36,철근콘크리트시멘트벽돌,2층,,"1층경로,2층마을"
232,여천동,선원,396-6,반월,반월마을회,반월마을회,1983-06-30,416,202.89,106.74,철근콘크리트,1층,,"1층경로,2층마을"
233,여천동,여천,185-1,내동,여천내동새마을회,여천내동새마을회,1999-09-07,141.35,99.22,59.02,벽돌구조,1층,,
234,여천동,화장,845-7,대통,화장동대통마을회,화장동대통마을회,1999-04-08,240.7,63.28,,조적조,1층,,"1층경로,2층마을"
235,여천동,화장,839-11,성산,화장동화치마을회,화장동화치마을회,2003-12-03,245.6,92.65,,벽돌구조,1층,,"1층경로,2층마을"
236,여천동,화장,944-39,신촌,화장동신촌새마을회,화장동신촌새마을회,2009-06-03,231.4,115.44,,철근콘크리트조,1층,,"1층경로,2층마을"
237,여천동,화장,772-2,화산,화산마을,화산마을,1998-03-03,226.5,175.78,175.78,철근콘크리트조,"1,2층",,"1층경로,2층마을"
238,여천동,화장,312-6,군장,군장마을회,화장리새마을회,1982-05-01,268,215.14,,시멘트벽돌,2층,,"1층경로,2층마을"
239,여천동,화장,639,상군장,상군장마을회,상군장마을회,2004-10-29,585,125.97,78,시멘트벽돌,2층,,"1층경로,2층마을"
240,여천동,선원,1230-9,용성,용성새마을회,용성새마을회,1992-11-24,236.7,146.1,,철근콘크리트,2층,,
241,여천동,선원,1269-12,사포,선원새마을노인회,선원새마을노인회,1995-11-30,232.2,81.45,,시멘트벽돌,1층,,
242,여천동,화장,857-2,화치,화치마을회,화치마을회,2000-09-28,371.6,58.24,58.24,시멘트벽돌,2층,,"1층경로,2층마을"
243,여천동,화장,889-7,신풍,화장신풍마을회,화장신풍마을회,2003-10-23,248.3,99.41,,벽돌구조,1층,,
244,여천동,화장,897-77,두암,두암이주민새마을회,두암이주민새마을회,2007-12-10,221.9,128.94,,철근콘크리트,1층,,
245,주삼동,주삼,273-1,주암,주암부락새마을회,주암동주암새마을회,1990-05-01,713,372.21,95.04,"라멘조, 시멘블럭, 조적조",2층,,
246,주삼동,주삼,933-2,주동,주동부락영농회,주동새마을회,1991-09-01,331,116.27,116.27,시멘벽돌조,1층,,
247,주삼동,봉계,413-8,월앙,월앙새마을회,월앙새마을회,1991-02-01,265,222.98,85.49,시멘벽돌,2층,,1층경로당
248,주삼동,봉계,322-1,봉강,서인순 외 1인,봉계동새마을회,1988-02-29,725,173.04,46.07,시멘벽돌,2층,,1층경로당
249,주삼동,봉계,"512, 513",계원,계원새마을회,계원새마을회,1985-06-27,,116.4,116.4,"시멘벽돌,시멘브럭",1층,,
250,주삼동,해산,370-2,해지,해산리,마을회관,1985-02-01,,102.3,102.3,"시멘벽돌,시멘블럭",1층,,
251,주삼동,해산,129,대평부락,대평새마을회외6인,해산동대평부락새마을회,1990-03-01,882,129.8,129.8,조적조,1층,,
252,삼일동,신덕,71,신덕 덕대,신덕동(덕대)자동계,신덕(덕대)자동계,1993-01-21,320,236.86,236.89,철근콘크리트,2층,,
253,삼일동,신덕,177-3,섬도,섬도새마을회,섬도새마을회,1998-01-01,146,66.15,66.15,시멘벽돌,1층,,
254,삼일동,상암,105-9,작양,작양노인회,작양노인회,2007-05-29,436,133.8,64.2,벽돌구조,2층,,
255,삼일동,상암,1288-1,상암,원상암새마을회,원상암새마을회,1988-11-04,202,83.08,83.08,시멘벽돌,1층,,
256,삼일동,상암,847,당내,당내새마을회,당내새마을회,2008-08-02,273,146.24,146.24,시멘벽돌,2층,,
257,삼일동,상암,2187-21,읍동,읍동새마을회,읍동새마을회,2006-08-10,504,85,85,시멘벽돌조,1층,,
258,삼일동,상암,1663,신진,신진마을회,신진마을회,1998-03-25,166,96.14,43.24,"시멘벽돌, 철근콘크리트",2층,,1층경로당
259,삼일동,상암,1734-2,진북,진북새마을회,진북새마을회,2006-01-24,139,124.2,46.98,시멘벽돌,2층,,1층경로당
260,삼일동,상암,12875,진남,진남새마을회,진남새마을회,2000-04-08,350,177.34,70.2,시멘트벽돌,2층,,1층경로당
261,삼일동,호명,528,호명,호명새마을회,호명새마을회,2006-12-28,275,139.77,103.5,철근콘크리트,2층,,2층경로당
262,삼일동,호명,549,양지,양지새마을회,양지새마을회,1997-03-21,375,82.8,82.8,철근콘크리트,1층,,
263,삼일동,호명,1258-1,자양,자양노인회,자양노인회,2006-06-17,,135.36,64.8,시멘벽돌,2층,,1층경로당
264,삼일동,호명,1154-1,내동,내동새마을회,내동새마을회,1997-07-10,351,92.18,92.18,벽돌구조,1층,,
265,삼일동,호명,1391,자내,천명균,천명균,1976-01-01,,63,63,"시멘벽돌,경량철골구조",1층,,
266,묘도동,온동,"115, 116, 116-1, 117",온동,류대호,온동새마을회대표:방형선,1997-12-30,239,235.6,235.6,"철근콘크리트, 시멘벽돌",2층,,
267,묘도동,묘읍,1676-4,묘읍,묘도동제3통새마을회,묘도동3통해마을회,2008-02-21,258,256.64,256.64,철근콘크리트조,2층,,
268,묘도동,도독,319,도독,도독새마을자치회,도독새마을회,2004-06-15,255,199.17,199.17,철근콘크리트구조,2층,,
269,묘도동,창촌,982-1,창촌,여수시,"묘도동1,2통창촌부락새마을회",1986-04-24,"1,078",307.8,307.8,벽돌구조,1층,,
270,묘도동,광양포,504-3,광양포,광양포새마을회,광양포새마을회,2004-09-20,472,135,55.8,벽돌스라브,2층,,1층경로당
